case_id,detective_name,rank,season,episode,crime_type,borough,case_status,arrests_made,cases_solved,hours_worked,annual_salary_usd,perpetrator_age,nine_nine_quote,date_clean
99-0001,"Terry Jeffords",Sergeant,7,S07E17,FRAUD,BROOKLYN,CLOSED,34,79,45.3,69201,70,,2015-01-04
99-0002,"Norm Scully",Detective,6,S06E18,BURGLARY,BRONX,"COLD CASE",33,77,23.1,117418,43,Noice,NULL
99-0003,"Jake Peralta",Detective,1,S01E13,ASSAULT,QUEENS,OPEN,33,100,58.4,NULL,59,,2021-01-21
99-0005,"Terry Jeffords",Sergeant,4,S04E21,ROBBERY,MANHATTAN,ONGOING,6,92,65.8,101636,43,"Title of your sex tape",2017-09-21
99-0006,NULL,Detective,3,S03E10,STALKING,QUEENS,"COLD CASE",43,79,46.4,113161,57,"Halloween Heist Champion",2015-03-03
99-0007,NULL,Detective,1,S01E17,BURGLARY,BROOKLYN,"UNDER INVESTIGATION",43,21,68.3,NULL,55,"The squad has arrived",2015-04-01
99-0008,"Raymond Holt",Captain,7,S07E13,BURGLARY,MANHATTAN,"COLD CASE",16,16,74.1,NULL,60,,2018-03-13
99-0010,"Raymond Holt",Captain,5,S05E09,BURGLARY,BRONX,CLOSED,4,25,30.4,117911,22,,2013-12-21
99-0011,"Terry Jeffords",Sergeant,6,S06E21,ARSON,QUEENS,DISMISSED,19,14,58.6,115935,73,"Title of your sex tape",2015-08-23
99-0012,"Amy Santiago",Detective,1,S01E10,"DRUG  POSSESSION","STATEN  ISLAND","COLD CASE",8,36,37.7,NULL,25,Nine-Nine!,2020-06-12
99-0013,"Jake Peralta",Detective,7,S07E14,MURDER,QUEENS,CLOSED,49,67,23.3,72026,21,"The squad has arrived",2015-04-08
99-0014,NULL,Detective,1,S01E17,VANDALISM,MANHATTAN,DISMISSED,28,75,46.1,95122,25,,2021-01-09
99-0015,"Charles Boyle",Detective,4,S04E08,MURDER,"STATEN  ISLAND","COLD CASE",43,50,24.3,105273,21,"Cool cool cool cool cool",2017-11-24
99-0018,"Terry Jeffords",Sergeant,5,S05E03,VANDALISM,BRONX,CLOSED,7,36,76.5,0,30,"I am a human person",2014-03-10
99-0020,NULL,Detective,2,S02E03,BURGLARY,BRONX,"COLD CASE",33,93,36.4,104057,40,,2015-06-10
99-0021,"Raymond Holt",Captain,3,S03E17,"GRAND LARCENY",QUEENS,CLOSED,22,9,46.1,55021,61,,2013-12-29
99-0023,"Gina Linetti",Administrator,7,S07E23,ROBBERY,MANHATTAN,DISMISSED,10,71,51.1,NULL,52,,2013-10-07
99-0024,"Norm Scully",Detective,7,S07E07,STALKING,BROOKLYN,OPEN,2,11,45.7,79868,68,,2015-04-15
99-0025,"Terry Jeffords",Sergeant,5,S05E09,"DRUG POSESSION","STATEN  ISLAND","COLD CASE",8,16,62.1,111176,49,,2019-03-13
99-0026,"Terry Jeffords",Sergeant,5,S05E08,ROBERRY,BROOKLYN,CLOSED,2,8,53.7,97137,49,,2015-06-05
99-0028,"Raymond Holt",Captain,7,S07E22,ROBBERY,"STATEN  ISLAND",DISMISSED,32,10,44.7,117785,50,"Cool cool cool cool cool",2015-08-08
99-0029,"Jake Peralta",Detective,5,S05E12,VANDALISM,BRONX,"IN PROGRESS",0,59,64.2,75874,24,,2019-03-23
99-0031,"Raymond Holt",Captain,6,S06E09,ROBBERY,BRONX,DISMISSED,10,18,42.5,NULL,44,,2016-05-13
99-0032,"Amy Santiago",Detective,7,S07E11,MURDER,BROOKLYN,"COLD CASE",46,100,74.6,90454,52,Noice,NULL
99-0033,"Jake Peralta",Detective,1,S01E06,MURDER,MANHATTAN,DISMISSED,30,46,74,NULL,17,"I want to go to there",2017-06-27
99-0034,"Gina Linetti",Administrator,1,S01E09,"DRUG  POSSESSION",BROOKLYN,ONGOING,5,3,62.7,100219,37,,2016-08-03
99-0036,"Jake Peralta",Detective,3,S03E10,ROBBERY,MANHATTAN,"COLD CASE",37,40,23.7,116141,20,,2019-08-21
99-0037,"Terry Jeffords",Sergeant,4,S04E15,MURDER,QUEENS,DISMISSED,48,4,72.5,106439,60,,2015-03-22
99-0039,"Raymond Holt",Captain,4,S04E20,MURDER,QUEENS,DISMISSED,17,53,27.4,107647,26,,2013-11-14
99-0040,"Charles Boyle",Detective,5,S05E17,"GRAND LARCENY","STATEN  ISLAND",DISMISSED,35,59,76,104197,53,,2020-03-16
99-0041,"Raymond Holt",Captain,6,S06E20,VANDALISM,MANHATTAN,"COLD CASE",38,65,41.7,0,44,,2015-09-21
99-0042,"Raymond Holt",Captain,3,S03E07,ARSON,QUEENS,"IN PROGRESS",19,66,21.1,NULL,32,,2018-10-03
99-0043,"Charles Boyle",Detective,7,S07E19,ASSAULT,QUEENS,OPEN,47,0,47.3,94096,35,,2014-05-04
99-0045,"Rosa Diaz",Detective,6,S06E19,BURGLARY,BRONX,DISMISSED,37,93,28.1,NULL,38,,2018-10-10
99-0046,NULL,Detective,8,S08E01,BURGLARY,BRONX,CLOSED,4,82,28.4,80095,52,,2015-03-22
99-0047,"Rosa Diaz",Detective,8,S08E10,"DRUG POSSESSION",BROOKLYN,"COLD CASE",39,100,29.4,59834,73,"I am a human person",2018-03-13
99-0049,"Rosa Diaz",Detective,5,S05E09,MURDER,MANHATTAN,"COLD CASE",12,72,38.6,114159,29,,2013-01-01
99-0050,"Jake Peralta",Detective,3,S03E04,"DRUG POSSESSION","STATEN  ISLAND",OPEN,34,4,76.2,64713,18,,2017-11-26
99-0051,"Amy Santiago",Detective,7,S07E03,FRAUD,"STATEN  ISLAND",OPEN,37,88,58.5,NULL,25,"Title of your sex tape",2016-11-11
99-0053,"Terry Jeffords",Sergeant,8,S08E09,ARSON,BROOKLYN,OPEN,12,99,64.5,113863,21,,2013-12-03
99-0054,NULL,Detective,6,S06E15,MURDER,"STATEN  ISLAND",DISMISSED,26,51,38.5,107957,69,,2015-06-21
99-0055,"Norm Scully",Detective,5,S05E10,ARSON,QUEENS,DISMISSED,22,22,37.9,83059,70,,2017-05-20
99-0056,"Michael Hitchcock",Detective,1,S01E04,STALKING,"STATEN  ISLAND",DISMISSED,31,75,61.1,NULL,44,,2020-05-16
99-0057,"Gina Linetti",Administrator,5,S05E04,FRAUD,QUEENS,CLOSED,33,37,72.7,67406,32,,2020-03-23
99-0058,"Jake Peralta",Detective,7,S07E06,FRAUD,QUEENS,ONGOING,24,78,73.9,86638,22,,2016-04-21
99-0059,NULL,Detective,1,S01E14,ROBBERY,BROOKLYN,OPEN,19,84,52.3,106700,28,"Cool cool cool cool cool",NULL
99-0062,"Raymond Holt",Captain,4,S04E09,ASSAULT,MANHATTAN,"IN PROGRESS",46,1,29.3,76261,58,,2017-05-13
99-0063,"Raymond Holt",Captain,1,S01E04,ARSON,QUEENS,OPEN,47,30,56.3,NULL,48,"I want to go to there",2013-06-17
99-0064,"Jake Peralta",Detective,4,S04E02,"DRUG POSSESSION",MANHATTAN,"COLD CASE",47,12,62.6,77700,38,,2014-07-03
99-0065,"Michael Hitchcock",NULL,7,S07E08,MURDER,"STATEN  ISLAND","COLD CASE",5,25,28.7,NULL,28,,2013-12-23
99-0071,"Norm Scully",Detective,2,S02E11,"DRUG POSSESSION",BRONX,CLOSED,1,38,23,NULL,29,,2013-02-13
99-0072,NULL,NULL,4,S04E07,"GRAND LARCENY","STATEN  ISLAND",OPEN,27,95,20.2,60931,26,,2017-02-11
99-0073,"Jake Peralta",Detective,4,S04E13,MURDER,"STATEN  ISLAND","COLD CASE",30,42,70.8,83753,31,,NULL
99-0074,"Raymond Holt",Captain,8,S08E17,FRAUD,"STATEN  ISLAND",CLOSED,23,55,75.6,101684,27,,2018-03-30
99-0075,"Amy Santiago",Detective,8,S08E04,ASSAULT,"STATEN  ISLAND",ONGOING,11,75,28.7,116200,75,"I want to go to there",2017-08-15
99-0077,"Amy Santiago",Detective,7,S07E14,ASSAULT,"STATEN  ISLAND","IN PROGRESS",27,18,51.8,69364,69,,2021-06-03
99-0078,"Gina Linetti",Administrator,4,S04E15,ASSAULT,BRONX,OPEN,34,33,22.1,61038,48,,2020-02-21
99-0079,"Gina Linetti",Administrator,3,S03E09,VANDALISM,BRONX,"UNDER INVESTIGATION",48,85,52.1,64843,61,,NULL
99-0080,"Charles Boyle",Detective,8,S08E21,ROBBERY,MANHATTAN,OPEN,4,8,70.2,0,36,,2017-09-05
99-0082,"Amy Santiago",Detective,7,S07E10,STALKING,BRONX,"COLD CASE",4,18,30.9,81885,20,"Get that bread",2014-02-28
99-0083,NULL,NULL,6,S06E22,BURGLARY,MANHATTAN,CLOSED,45,38,67.4,91986,50,"Cool cool cool cool cool",2021-01-21
99-0084,"Amy Santiago",Detective,5,S05E03,MURDER,BROOKLYN,OPEN,2,23,53.5,55382,38,,2017-07-01
99-0085,"Terry Jeffords",Sergeant,2,S02E15,ROBBERY,"STATEN  ISLAND",OPEN,26,85,74.7,84705,74,,2021-06-28
99-0086,"Gina Linetti",Administrator,4,S04E10,VANDALISME,QUEENS,DISMISSED,3,88,68.9,55475,62,,2018-01-23
99-0087,"Raymond Holt",Captain,8,S08E08,STALKING,BRONX,"UNDER INVESTIGATION",37,96,71.8,0,72,,2018-06-14
99-0088,"Gina Linetti",Administrator,6,S06E18,MURDER,MANHATTAN,"UNDER INVESTIGATION",15,68,77.5,67629,22,,2017-04-04
99-0090,NULL,Detective,8,S08E14,ROBERRY,QUEENS,CLOSED,1,39,34.2,114177,24,"I am a human person",2020-04-04
99-0092,"Terry Jeffords",Sergeant,7,S07E13,MURDER,MANHATTAN,CLOSED,40,46,68.1,NULL,43,,2016-09-26
99-0093,NULL,Detective,6,S06E11,ARSON,"STATEN  ISLAND",OPEN,18,74,33.8,56238,29,,2021-07-13
99-0094,"Michael Hitchcock",Detective,1,S01E20,STALKING,MANHATTAN,"UNDER INVESTIGATION",26,76,75,109795,42,"Cool cool cool cool cool",2020-07-06
99-0095,"Charles Boyle",Detective,2,S02E22,ARSON,QUEENS,"COLD CASE",27,19,42.7,72614,36,,2020-10-14
99-0097,NULL,Detective,1,S01E11,FRAUD,BROOKLYN,CLOSED,36,93,56.9,105230,55,,2019-06-24
99-0099,"Charles Boyle",Detective,3,S03E06,ASSAULT,"STATEN  ISLAND",CLOSED,37,33,51.5,93516,39,"Halloween Heist Champion",2017-05-22
99-0103,"Terry Jeffords",Sergeant,1,S01E23,"GRAND LARCENY",BRONX,"UNDER INVESTIGATION",21,100,54.1,NULL,74,"Halloween Heist Champion",2013-08-29
99-0106,"Amy Santiago",Detective,6,S06E18,FRAUD,MANHATTAN,CLOSED,32,13,62.7,0,47,Noice,2017-08-17
99-0107,"Raymond Holt",Captain,8,S08E09,"GRAND LARCENY",QUEENS,DISMISSED,46,9,75.3,95383,70,,2021-10-14
99-0109,"Raymond Holt",Captain,6,S06E19,ASSAULT,QUEENS,OPEN,49,39,62.3,93117,29,,2020-05-10
99-0112,"Rosa Diaz",Detective,4,S04E06,VANDALISM,QUEENS,CLOSED,48,69,76.9,111558,64,,2016-04-11
99-0113,"Rosa Diaz",Detective,7,S07E23,FRAUD,"STATEN  ISLAND",OPEN,19,6,24.5,NULL,61,"The squad has arrived",2019-10-18
99-0114,"Rosa Diaz",Detective,7,S07E23,ROBBERY,QUEENS,"COLD CASE",14,31,32.5,103319,36,,2018-06-23
99-0115,"Raymond Holt",Captain,3,S03E22,ARSON,BRONX,ONGOING,48,93,39.5,58892,52,,2015-01-28
99-0116,"Terry Jeffords",Sergeant,3,S03E22,"DRUG POSSESSION",BRONX,CLOSED,37,35,60.6,95123,46,Nine-Nine!,2016-06-10
99-0117,"Terry Jeffords",Sergeant,5,S05E06,BURGLARY,MANHATTAN,OPEN,37,76,49.4,113948,46,,NULL
99-0118,"Amy Santiago",Detective,2,S02E04,MURDER,BROOKLYN,CLOSED,32,24,63.2,100153,38,,2019-05-21
99-0119,"Terry Jeffords",Sergeant,6,S06E17,MURDER,BROOKLYN,CLOSED,34,89,31.6,0,17,"Get that bread",2020-03-27
99-0121,"Rosa Diaz",Detective,1,S01E04,"GRAND LARCENY",QUEENS,OPEN,9,92,75.2,108194,49,,2014-09-27
99-0123,"Norm Scully",Detective,4,S04E08,ARSON,QUEENS,DISMISSED,11,31,37.8,NULL,36,,2018-04-04
99-0124,"Michael Hitchcock",Detective,4,S04E04,FRAUD,BRONX,"COLD CASE",18,78,56.8,NULL,22,,2018-08-25
99-0125,NULL,NULL,5,S05E17,VANDALISM,BRONX,"COLD CASE",46,44,76.5,NULL,17,,NULL
99-0127,"Gina Linetti",Administrator,5,S05E18,"GRAND LARCENY",BRONX,OPEN,31,46,76.8,102803,30,,2014-06-02
99-0129,"Amy Santiago",Detective,5,S05E16,"DRUG POSSESSION",QUEENS,CLOSED,35,63,55.3,NULL,26,,2015-08-18
99-0130,"Terry Jeffords",Sergeant,8,S08E08,ARSON,MANHATTAN,"COLD CASE",33,25,73.6,117206,37,,2013-02-15
99-0131,"Terry Jeffords",Sergeant,6,S06E10,FRAUD,"STATEN  ISLAND",CLOSED,36,25,47.4,61519,39,"I want to go to there",2020-12-19
99-0132,"Rosa Diaz",Detective,5,S05E07,ASSAULT,QUEENS,CLOSED,11,64,28.3,64460,29,,2014-06-10
99-0133,"Jake Peralta",Detective,7,S07E02,VANDALISM,BRONX,DISMISSED,29,48,61.5,NULL,27,,NULL
99-0134,"Charles Boyle",Detective,6,S06E06,FRAUD,BROOKLYN,OPEN,20,14,66.1,62220,56,,2021-10-14
99-0136,"Charles Boyle",Detective,6,S06E13,"DRUG  POSSESSION",BROOKLYN,"COLD CASE",34,7,37.1,73945,23,,2018-01-03
99-0137,"Norm Scully",Detective,8,S08E22,VANDALISM,"STATEN  ISLAND",CLOSED,29,21,76.4,94757,51,,2020-07-09
99-0138,NULL,Detective,4,S04E01,"GRAND LARCENY","STATEN  ISLAND","UNDER INVESTIGATION",28,26,52.7,NULL,19,,2014-03-16
99-0139,"Rosa Diaz",Detective,8,S08E06,ASSAULT,BROOKLYN,DISMISSED,49,77,27.7,83312,40,,2015-11-14
99-0141,"Michael Hitchcock",Detective,1,S01E09,BURGLARY,BROOKLYN,DISMISSED,39,17,29.2,80419,22,,2019-11-06
99-0143,"Michael Hitchcock",Sergeant,5,S05E13,STALKING,BROOKLYN,CLOSED,37,11,25.5,84945,26,,2019-06-08
99-0145,"Michael Hitchcock",Captain,6,S06E15,MURDER,BROOKLYN,DISMISSED,5,50,30,95380,24,,2019-12-02
99-0146,"Norm Scully",Detective,2,S02E02,ASSAULT,MANHATTAN,CLOSED,27,62,64.2,NULL,66,,2015-04-30
99-0147,"Rosa Diaz",Detective,5,S05E02,ARSON,"STATEN  ISLAND","COLD CASE",35,16,51,95787,31,,2019-11-26
99-0149,"Terry Jeffords",Sergeant,3,S03E19,STALKING,QUEENS,DISMISSED,28,24,36.4,66752,64,"I am a human person",2014-07-30
99-0150,"Michael Hitchcock",Captain,8,S08E06,MURDER,BRONX,CLOSED,6,28,45.6,75023,40,,2014-04-25
99-0151,"Terry Jeffords",Sergeant,5,S05E04,ASSAULT,BRONX,DISMISSED,22,12,56.2,0,44,"I want to go to there",NULL
99-0152,"Charles Boyle",Detective,4,S04E12,"DRUG POSSESSION","STATEN  ISLAND","COLD CASE",5,42,72.2,74033,42,,2016-11-24
99-0153,"Michael Hitchcock",Detective,1,S01E04,FRAUD,MANHATTAN,"COLD CASE",50,30,39.2,90792,48,,2016-06-16
99-0154,"Norm Scully",Detective,5,S05E06,BURGLARY,BROOKLYN,"IN PROGRESS",20,42,22.9,97362,65,,2020-11-03
99-0156,"Norm Scully",Detective,8,S08E11,ASSAULT,BRONX,CLOSED,12,60,78.9,NULL,51,,2014-01-27
99-0157,"Jake Peralta",Detective,6,S06E12,ASSAULT,BRONX,OPEN,43,84,66.9,0,39,,2021-09-02
99-0158,"Raymond Holt",Captain,6,S06E16,ARSON,BROOKLYN,"COLD CASE",48,37,41.1,88613,45,,2017-08-27
99-0161,"Gina Linetti",Administrator,4,S04E07,FRAUD,MANHATTAN,"UNDER INVESTIGATION",23,49,24.7,67771,40,,2014-08-31
99-0162,"Michael Hitchcock",Detective,1,S01E14,ROBBERY,MANHATTAN,OPEN,6,7,78.3,96581,34,,2021-01-31
99-0163,"Norm Scully",Detective,6,S06E10,VANDALISME,"STATEN  ISLAND",OPEN,20,20,26.6,63340,45,Noice,2014-10-13
99-0165,"Jake Peralta",Detective,5,S05E23,STALKING,QUEENS,"COLD CASE",41,98,79.8,63490,19,Bingpot!,2015-12-07
99-0166,"Michael Hitchcock",Sergeant,7,S07E06,"DRUG  POSSESSION",BROOKLYN,"COLD CASE",38,74,60.8,107675,48,"I am a human person",2018-09-08
99-0167,"Norm Scully",Detective,7,S07E08,FRAUD,"STATEN  ISLAND","UNDER INVESTIGATION",28,73,35.8,110586,68,,2015-04-21
99-0168,"Raymond Holt",Captain,3,S03E01,ASSAULT,MANHATTAN,"IN PROGRESS",44,13,43.6,60811,67,,2021-08-28
99-0169,"Terry Jeffords",Sergeant,3,S03E22,FRAUD,QUEENS,OPEN,3,70,63.9,107021,72,"I am a human person",2020-05-26
99-0170,"Michael Hitchcock",Detective,1,S01E11,ASSAULT,"STATEN  ISLAND","COLD CASE",5,77,74.6,71835,51,"Get that bread",2019-07-22
99-0172,"Charles Boyle",Detective,7,S07E02,"DRUG  POSSESSION",BROOKLYN,CLOSED,43,45,30.6,0,15,,2016-06-24
99-0174,"Terry Jeffords",Sergeant,7,S07E01,ARSON,QUEENS,ONGOING,23,83,61.5,NULL,70,Bingpot!,2013-04-19
99-0175,"Norm Scully",Detective,3,S03E10,MURDER,BRONX,CLOSED,38,59,71,106363,31,,2018-03-01
99-0179,"Raymond Holt",Captain,8,S08E22,"GRAND LARCENY",BRONX,"COLD CASE",46,100,45.2,NULL,31,,2018-01-21
99-0180,NULL,Detective,4,S04E22,"DRUG POSSESSION","STATEN  ISLAND",OPEN,44,66,78.9,84831,41,,2015-02-24
99-0183,"Michael Hitchcock",Detective,3,S03E06,ROBBERY,MANHATTAN,"COLD CASE",14,30,63.9,102748,54,,2014-04-08
99-0184,"Amy Santiago",Detective,4,S04E13,BURGLARY,BROOKLYN,DISMISSED,36,2,66.5,89267,33,,2014-06-08
99-0185,"Gina Linetti",Administrator,1,S01E03,STALKING,BRONX,OPEN,22,76,52.9,75689,30,"I am a human person",2013-09-19
99-0186,"Charles Boyle",Detective,5,S05E11,FRAUD,QUEENS,"COLD CASE",7,74,55.6,84017,53,,2016-12-09
99-0188,"Gina Linetti",Administrator,1,S01E15,STALKING,BROOKLYN,"COLD CASE",12,42,73.2,59700,45,,NULL
99-0189,"Terry Jeffords",Sergeant,3,S03E12,STALKING,BROOKLYN,DISMISSED,1,2,34.3,95045,19,,2018-12-11
99-0190,NULL,Detective,8,S08E14,BURGLERY,BRONX,DISMISSED,39,20,69.8,83789,33,,2014-03-26
99-0191,"Terry Jeffords",Sergeant,3,S03E11,"GRAND LARCENY","STATEN  ISLAND",ONGOING,45,6,36.5,0,70,,2014-05-04
99-0192,NULL,Detective,1,S01E18,MURDER,BRONX,"UNDER INVESTIGATION",43,41,76.3,NULL,36,,2017-10-13
99-0193,"Terry Jeffords",Sergeant,2,S02E18,MURDER,QUEENS,DISMISSED,8,60,47.2,119715,50,"Halloween Heist Champion",2014-06-20
99-0196,"Norm Scully",Detective,6,S06E22,STALKING,BRONX,OPEN,21,58,24.5,81376,52,,2013-03-18
99-0198,"Raymond Holt",Captain,6,S06E23,"GRAND LARCENY",BRONX,DISMISSED,28,96,72.4,80100,47,"I want to go to there",2019-11-13
99-0199,"Jake Peralta",Detective,3,S03E12,VANDALISME,MANHATTAN,DISMISSED,38,55,48.6,104829,42,,2018-05-07
99-0200,"Michael Hitchcock",Sergeant,1,S01E18,BURGLERY,QUEENS,OPEN,13,7,56.9,84977,47,Nine-Nine!,2015-10-29
99-0201,"Gina Linetti",Administrator,6,S06E19,STALKING,BRONX,CLOSED,9,81,45.9,NULL,49,,2016-04-25
99-0202,"Jake Peralta",Detective,5,S05E18,VANDALISME,QUEENS,OPEN,50,55,30.9,55913,15,,2014-11-22
99-0204,NULL,Detective,4,S04E14,ROBBERY,MANHATTAN,"IN PROGRESS",11,58,39.3,99196,38,,2019-04-25
99-0205,"Norm Scully",Detective,6,S06E21,MURDER,MANHATTAN,DISMISSED,48,43,63.7,NULL,22,"Title of your sex tape",2020-08-12
99-0206,"Charles Boyle",Detective,1,S01E03,BURGLERY,MANHATTAN,"UNDER INVESTIGATION",6,15,76.6,0,30,,2018-06-13
99-0208,"Gina Linetti",Administrator,3,S03E06,FRAUD,"STATEN  ISLAND",CLOSED,7,59,67.1,119668,53,"Title of your sex tape",NULL
99-0209,"Norm Scully",Detective,5,S05E07,"DRUG POSSESSION",MANHATTAN,DISMISSED,14,10,74,NULL,51,,2021-02-27
99-0211,"Raymond Holt",Captain,8,S08E08,BURGLARY,QUEENS,ONGOING,34,80,74.4,87947,65,"The squad has arrived",2014-03-11
99-0214,"Charles Boyle",Detective,3,S03E11,"GRAND LARCENY",BRONX,CLOSED,20,84,26.8,96996,46,,2021-07-02
99-0216,"Gina Linetti",Administrator,4,S04E05,ASSAULT,"STATEN  ISLAND",ONGOING,30,49,56,NULL,42,"I want to go to there",2021-08-04
99-0217,"Michael Hitchcock",Detective,7,S07E07,ARSON,BROOKLYN,OPEN,9,27,25.8,97319,23,,2017-03-06
99-0219,"Charles Boyle",Detective,1,S01E15,ROBBERY,"STATEN  ISLAND",CLOSED,16,64,24,101259,59,"Cool cool cool cool cool",2015-10-21
99-0220,"Jake Peralta",Detective,1,S01E21,ARSON,QUEENS,OPEN,14,3,33.2,NULL,74,,2020-08-16
99-0223,"Amy Santiago",Detective,3,S03E17,MURDER,"STATEN  ISLAND",CLOSED,37,86,35.7,89162,73,,2016-08-02
99-0225,"Gina Linetti",Administrator,1,S01E10,MURDER,BRONX,CLOSED,8,7,36.6,NULL,23,Nine-Nine!,2016-07-12
99-0226,"Rosa Diaz",Detective,1,S01E01,ASSAULT,BRONX,CLOSED,39,33,74.7,60167,64,,2019-02-23
99-0227,"Charles Boyle",Detective,7,S07E02,MURDER,MANHATTAN,CLOSED,29,43,23.7,79207,20,,2016-09-23
99-0228,"Norm Scully",Detective,2,S02E10,STALKING,QUEENS,OPEN,13,73,63.9,NULL,42,,2020-11-27
99-0229,"Terry Jeffords",Sergeant,4,S04E12,ROBERRY,QUEENS,ONGOING,21,20,33.3,93974,39,,2019-01-05
99-0231,"Norm Scully",Detective,5,S05E20,ARSON,QUEENS,OPEN,12,1,55.8,NULL,51,,2017-05-21
99-0232,NULL,Detective,5,S05E17,VANDALISME,QUEENS,"COLD CASE",41,22,20.8,107577,17,,2021-07-16
99-0233,"Terry Jeffords",Sergeant,4,S04E21,MURDER,BROOKLYN,CLOSED,4,33,47.4,0,46,,2014-10-18
99-0234,"Raymond Holt",Captain,7,S07E23,BURGLERY,BRONX,"COLD CASE",0,69,69.8,61949,41,Noice,2016-06-25
99-0235,"Amy Santiago",Detective,2,S02E19,STALKING,QUEENS,CLOSED,8,70,47,81237,34,,2016-09-18
99-0236,"Rosa Diaz",Detective,2,S02E16,MURDER,"STATEN  ISLAND","UNDER INVESTIGATION",37,49,37.2,91498,69,,2020-01-25
99-0237,"Amy Santiago",Detective,1,S01E15,ARSON,BRONX,OPEN,11,89,64.7,NULL,32,,2019-07-27
99-0238,"Charles Boyle",Detective,8,S08E16,ARSON,BROOKLYN,"UNDER INVESTIGATION",26,4,73.9,0,28,,2015-10-02
99-0239,NULL,Detective,6,S06E23,FRAUD,BRONX,DISMISSED,2,53,37.8,74812,30,,2015-05-08
99-0240,"Charles Boyle",Detective,3,S03E01,BURGLARY,"STATEN  ISLAND",DISMISSED,25,2,39.2,110335,30,,NULL
99-0241,"Raymond Holt",Captain,4,S04E07,VANDALISME,BROOKLYN,OPEN,9,97,79.5,108237,58,,2016-02-11
99-0242,"Charles Boyle",Detective,7,S07E22,"DRUG  POSSESSION",QUEENS,DISMISSED,27,37,57.8,110863,71,,2020-03-30
99-0243,NULL,Detective,1,S01E08,ARSON,QUEENS,"IN PROGRESS",41,50,37.8,NULL,40,,2021-08-24
99-0244,"Norm Scully",Detective,8,S08E13,BURGLARY,QUEENS,"IN PROGRESS",19,95,25.2,56820,19,,2020-08-07
99-0245,"Raymond Holt",Captain,2,S02E19,BURGLARY,"STATEN  ISLAND","COLD CASE",27,12,45.3,69331,16,"I am a human person",2019-10-14
99-0248,NULL,Detective,5,S05E08,FRAUD,BRONX,OPEN,7,62,66,114112,37,Nine-Nine!,2013-04-29
99-0250,"Amy Santiago",Detective,4,S04E11,STALKING,MANHATTAN,"COLD CASE",22,12,62.4,92018,34,,2021-04-18
99-0252,NULL,Detective,6,S06E12,BURGLARY,QUEENS,OPEN,20,21,50.5,NULL,49,,NULL
99-0253,"Norm Scully",Detective,6,S06E15,BURGLERY,"STATEN  ISLAND",CLOSED,8,13,30.9,98298,16,"I want to go to there",2018-07-14
99-0254,"Charles Boyle",Detective,3,S03E22,ROBBERY,BRONX,CLOSED,17,12,25.1,75660,52,,2020-09-06
99-0255,"Norm Scully",Detective,7,S07E05,MURDER,MANHATTAN,"COLD CASE",3,42,43.3,92233,62,,2020-06-30
99-0256,"Rosa Diaz",Detective,6,S06E02,ASSAULT,QUEENS,"UNDER INVESTIGATION",22,23,26.6,NULL,27,,2016-11-12
99-0257,"Gina Linetti",Administrator,3,S03E11,BURGLERY,MANHATTAN,"IN PROGRESS",31,45,22.6,NULL,15,,2015-08-09
99-0259,"Rosa Diaz",Detective,5,S05E16,ASSAULT,BROOKLYN,DISMISSED,41,17,67.4,99250,21,"The squad has arrived",2019-04-19
99-0261,NULL,NULL,5,S05E20,STALKING,BROOKLYN,OPEN,48,38,76.2,95613,66,,NULL
99-0262,"Jake Peralta",Detective,2,S02E09,ARSON,BROOKLYN,DISMISSED,26,12,32,NULL,57,"Cool cool cool cool cool",2015-04-05
99-0263,"Jake Peralta",Detective,2,S02E01,BURGLARY,QUEENS,"COLD CASE",9,9,49.7,NULL,66,,2016-12-20
99-0264,"Raymond Holt",Captain,5,S05E14,ASSAULT,QUEENS,OPEN,49,96,32.1,109129,41,,2016-01-22
99-0265,NULL,Detective,2,S02E09,ARSON,MANHATTAN,DISMISSED,31,25,62.2,98630,28,,2017-08-12
99-0267,NULL,Detective,7,S07E09,"DRUG  POSSESSION",MANHATTAN,DISMISSED,34,76,75,96964,63,,2020-01-28
99-0268,"Charles Boyle",Detective,4,S04E01,ARSON,"STATEN  ISLAND",CLOSED,4,24,34.3,NULL,63,"Halloween Heist Champion",2018-06-09
99-0269,"Raymond Holt",Captain,6,S06E01,"GRAND LARCENY","STATEN  ISLAND",OPEN,10,48,65.1,116968,21,,2019-08-03
99-0270,"Gina Linetti",Administrator,6,S06E23,MURDER,"STATEN  ISLAND",OPEN,36,10,78.6,NULL,63,,2018-03-18
99-0271,"Charles Boyle",Detective,2,S02E04,MURDER,QUEENS,DISMISSED,20,3,57.8,74299,65,Nine-Nine!,2020-05-19
99-0272,"Gina Linetti",Administrator,3,S03E06,MURDER,QUEENS,CLOSED,35,37,46.1,NULL,36,,2017-11-02
99-0275,"Charles Boyle",Detective,2,S02E01,ASSAULT,MANHATTAN,"UNDER INVESTIGATION",41,99,36.3,99762,36,,2015-04-19
99-0276,"Charles Boyle",Detective,3,S03E04,"DRUG POSESSION",MANHATTAN,CLOSED,15,67,20.2,115562,45,,2018-12-03
99-0277,"Michael Hitchcock",Detective,4,S04E15,ROBBERY,BROOKLYN,"UNDER INVESTIGATION",49,47,54.5,84174,55,Bingpot!,2015-09-28
99-0279,NULL,Detective,5,S05E21,MURDER,"STATEN  ISLAND",OPEN,47,70,79.6,64655,65,,2013-12-19
99-0281,"Terry Jeffords",Sergeant,8,S08E17,VANDALISM,MANHATTAN,CLOSED,19,50,53.6,107741,50,,2021-05-07
99-0284,"Rosa Diaz",Detective,7,S07E16,BURGLARY,MANHATTAN,"COLD CASE",46,16,25.7,72265,39,"I want to go to there",2013-03-28
99-0286,"Terry Jeffords",Sergeant,6,S06E06,ARSON,QUEENS,"UNDER INVESTIGATION",15,82,61.4,57737,34,,NULL
99-0287,"Raymond Holt",Captain,3,S03E15,FRAUD,QUEENS,"UNDER INVESTIGATION",46,42,29.3,74965,63,"Get that bread",2021-02-15
99-0289,"Gina Linetti",Administrator,3,S03E16,ROBBERY,BRONX,CLOSED,29,69,74.9,99167,40,,2017-12-11
99-0292,"Rosa Diaz",Detective,1,S01E21,FRAUD,BROOKLYN,DISMISSED,3,80,51.8,NULL,71,,2018-05-26
99-0295,"Terry Jeffords",Sergeant,3,S03E07,VANDALISM,QUEENS,"COLD CASE",23,15,28.1,118084,53,,2016-06-05
99-0296,"Charles Boyle",Detective,5,S05E07,ASSAULT,MANHATTAN,CLOSED,49,38,29.1,104602,28,Nine-Nine!,2017-08-27
99-0297,"Terry Jeffords",Sergeant,2,S02E02,MURDER,BRONX,CLOSED,45,55,46.7,66441,35,,2014-11-07
99-0298,"Michael Hitchcock",Detective,6,S06E13,ASSAULT,"STATEN  ISLAND",CLOSED,24,30,76.6,114130,61,,2016-01-29
99-0300,"Terry Jeffords",Sergeant,5,S05E09,"DRUG POSSESSION",MANHATTAN,CLOSED,30,85,53,62727,59,Nine-Nine!,2019-07-05
99-0301,"Gina Linetti",Administrator,1,S01E02,"GRAND LARCENY",MANHATTAN,"IN PROGRESS",15,73,28.4,103130,52,,2019-12-29
99-0302,"Raymond Holt",Captain,1,S01E09,BURGLARY,"STATEN  ISLAND",OPEN,25,16,55.2,108269,56,,2015-07-10
99-0304,"Jake Peralta",Detective,1,S01E12,BURGLARY,"STATEN  ISLAND",OPEN,12,21,65.1,100783,59,,2019-10-04
99-0305,NULL,Detective,2,S02E10,VANDALISM,"STATEN  ISLAND","COLD CASE",33,29,52.5,NULL,18,"I want to go to there",2018-06-22
99-0306,"Jake Peralta",Detective,8,S08E08,VANDALISM,BROOKLYN,CLOSED,4,1,26.1,118252,47,"I am a human person",2019-11-11
99-0307,"Raymond Holt",Captain,1,S01E14,VANDALISM,QUEENS,DISMISSED,18,47,23,97504,39,,2017-04-23
99-0308,"Gina Linetti",Administrator,8,S08E14,FRAUD,BROOKLYN,"IN PROGRESS",4,31,70,55420,15,,2013-07-14
99-0309,NULL,Detective,1,S01E18,ASSAULT,BRONX,DISMISSED,20,92,69.4,NULL,73,,2013-02-17
99-0310,"Michael Hitchcock",Captain,6,S06E02,BURGLARY,"STATEN  ISLAND","IN PROGRESS",1,35,56.7,88758,65,,NULL
99-0311,"Terry Jeffords",Sergeant,8,S08E06,ARSON,"STATEN  ISLAND","IN PROGRESS",49,63,43.1,0,74,,2016-11-24
99-0313,"Norm Scully",Detective,6,S06E20,ASSAULT,MANHATTAN,CLOSED,3,45,35.7,105346,29,"I am a human person",2016-02-10
99-0315,"Terry Jeffords",Sergeant,3,S03E18,"GRAND LARCENY",QUEENS,OPEN,31,65,76.8,72722,64,,2016-04-26
99-0318,"Norm Scully",Detective,5,S05E20,VANDALISM,MANHATTAN,DISMISSED,47,69,71.5,0,42,,2020-04-05
99-0319,"Raymond Holt",Captain,7,S07E18,ROBBERY,BRONX,"UNDER INVESTIGATION",12,27,70.8,NULL,65,,2020-09-12
99-0320,NULL,NULL,6,S06E02,MURDER,BROOKLYN,OPEN,38,36,55.4,71194,61,,2013-07-05
99-0323,"Rosa Diaz",Detective,4,S04E04,FRAUD,"STATEN  ISLAND",CLOSED,2,5,23.7,86139,75,,2020-07-21
99-0324,"Norm Scully",Detective,8,S08E21,"GRAND LARCENY",QUEENS,DISMISSED,6,10,71.1,72969,38,,2014-07-22
99-0325,"Charles Boyle",Detective,8,S08E16,ARSON,BRONX,DISMISSED,43,38,41,NULL,71,,2016-08-25
99-0326,"Raymond Holt",Captain,7,S07E13,ASSAULT,"STATEN  ISLAND",ONGOING,39,6,58.8,NULL,16,,2019-05-21
99-0327,NULL,Detective,5,S05E22,VANDALISM,MANHATTAN,DISMISSED,12,63,71.6,97340,47,,NULL
99-0328,"Norm Scully",Detective,3,S03E16,"DRUG POSSESSION",QUEENS,"UNDER INVESTIGATION",7,71,54,65454,58,,2020-01-18
99-0330,"Jake Peralta",Detective,6,S06E20,STALKING,MANHATTAN,"COLD CASE",36,22,74,NULL,41,,NULL
99-0331,"Rosa Diaz",Detective,4,S04E17,"DRUG POSESSION","STATEN  ISLAND","COLD CASE",17,90,31.3,0,20,,2018-06-14
99-0332,NULL,NULL,8,S08E01,ROBBERY,"STATEN  ISLAND","IN PROGRESS",23,5,39.5,0,19,,2013-06-28
99-0334,"Terry Jeffords",Sergeant,3,S03E12,BURGLERY,QUEENS,OPEN,26,62,41.6,99873,36,,2014-10-19
99-0335,NULL,NULL,5,S05E04,FRAUD,BROOKLYN,ONGOING,7,27,63.7,NULL,31,,2020-03-08
99-0336,"Michael Hitchcock",Detective,3,S03E07,FRAUD,BROOKLYN,DISMISSED,38,33,65.1,NULL,24,Noice,2021-12-06
99-0337,"Rosa Diaz",Detective,1,S01E02,FRAUD,"STATEN  ISLAND",OPEN,23,18,23.5,116604,42,,2015-05-03
99-0340,NULL,Detective,3,S03E03,STALKING,"STATEN  ISLAND",DISMISSED,48,45,36.6,NULL,40,,2014-11-25
99-0341,"Gina Linetti",Administrator,2,S02E02,BURGLARY,QUEENS,"COLD CASE",32,51,46.6,66654,58,,2013-09-12
99-0342,NULL,Detective,3,S03E05,VANDALISM,"STATEN  ISLAND",ONGOING,40,60,36,69737,18,,2018-12-31
99-0346,NULL,Detective,8,S08E05,ROBERRY,"STATEN  ISLAND","COLD CASE",7,55,22.6,111453,38,,2020-06-30
99-0348,"Terry Jeffords",Sergeant,2,S02E07,BURGLARY,BRONX,CLOSED,34,56,59.9,88941,48,,2018-12-03
99-0349,"Michael Hitchcock",Sergeant,5,S05E10,ROBBERY,"STATEN  ISLAND",DISMISSED,34,61,23.3,81484,58,,2021-02-28
99-0351,"Jake Peralta",Detective,4,S04E04,MURDER,BRONX,DISMISSED,28,75,54.3,NULL,29,Nine-Nine!,2016-09-13
99-0352,"Amy Santiago",Detective,8,S08E08,FRAUD,BRONX,DISMISSED,7,99,28.9,0,24,,2016-11-26
99-0353,"Rosa Diaz",Detective,8,S08E08,"DRUG POSSESSION",MANHATTAN,OPEN,11,27,43.9,NULL,40,Nine-Nine!,2013-02-07
99-0354,"Norm Scully",Detective,7,S07E08,ROBBERY,QUEENS,DISMISSED,39,58,68.4,68208,18,"I am a human person",2015-08-22
99-0356,"Gina Linetti",Administrator,2,S02E03,STALKING,"STATEN  ISLAND",OPEN,1,23,35.4,115367,58,,2019-06-26
99-0360,"Rosa Diaz",Detective,2,S02E11,"GRAND LARCENY",BROOKLYN,"UNDER INVESTIGATION",7,24,69.7,119472,32,"Halloween Heist Champion",2020-08-04
99-0362,"Rosa Diaz",Detective,4,S04E09,MURDER,BROOKLYN,CLOSED,41,22,22.6,NULL,45,,2016-06-10
99-0363,NULL,Detective,6,S06E12,"GRAND LARCENY",MANHATTAN,DISMISSED,27,52,42.6,59382,39,,2019-07-29
99-0364,"Raymond Holt",Captain,3,S03E04,"GRAND LARCENY",MANHATTAN,OPEN,5,39,40.9,NULL,46,"The squad has arrived",2017-09-01
99-0365,"Raymond Holt",Captain,7,S07E23,ARSON,"STATEN  ISLAND","UNDER INVESTIGATION",40,76,22.8,0,18,,2019-05-26
99-0366,"Jake Peralta",Detective,5,S05E22,ASSAULT,BROOKLYN,"IN PROGRESS",40,55,71.9,117652,60,,2017-01-31
99-0367,"Norm Scully",Detective,5,S05E22,ROBBERY,BROOKLYN,"UNDER INVESTIGATION",26,87,51.4,115448,59,,2019-12-17
99-0368,"Terry Jeffords",Sergeant,2,S02E19,BURGLARY,"STATEN  ISLAND",DISMISSED,28,61,52.4,102093,33,Nine-Nine!,2014-06-26
99-0369,"Norm Scully",Detective,6,S06E10,"DRUG  POSSESSION",BRONX,DISMISSED,34,36,31.8,61254,54,,2016-01-10
99-0370,"Gina Linetti",Administrator,7,S07E09,"DRUG  POSSESSION",BROOKLYN,"UNDER INVESTIGATION",35,49,60.4,NULL,27,,2016-02-20
99-0371,"Gina Linetti",Administrator,3,S03E14,ARSON,MANHATTAN,"UNDER INVESTIGATION",17,36,72.8,61384,66,,2014-06-30
99-0373,"Rosa Diaz",Detective,1,S01E08,STALKING,QUEENS,DISMISSED,19,24,34,82348,66,"Halloween Heist Champion",2019-03-31
99-0376,"Michael Hitchcock",Detective,8,S08E01,ASSAULT,MANHATTAN,CLOSED,40,13,69.8,0,65,,2020-06-17
99-0377,"Amy Santiago",Detective,1,S01E05,BURGLARY,MANHATTAN,"UNDER INVESTIGATION",38,74,57.9,NULL,56,Nine-Nine!,2019-02-17
99-0378,"Amy Santiago",Detective,4,S04E04,STALKING,"STATEN  ISLAND",CLOSED,46,27,68.5,NULL,68,,2017-10-17
99-0379,"Charles Boyle",Detective,6,S06E13,STALKING,BROOKLYN,"UNDER INVESTIGATION",6,8,40.8,116153,57,,2013-03-23
99-0380,"Raymond Holt",Captain,2,S02E18,"DRUG  POSSESSION",BROOKLYN,DISMISSED,37,49,23.2,57581,30,,2016-03-04
99-0381,NULL,Detective,3,S03E15,ROBBERY,QUEENS,CLOSED,0,93,59.8,80585,15,,2019-04-18
99-0384,"Michael Hitchcock",Detective,2,S02E06,VANDALISM,"STATEN  ISLAND","COLD CASE",2,66,76.7,105315,43,,2015-07-12
99-0385,"Amy Santiago",Detective,7,S07E02,BURGLARY,BRONX,"IN PROGRESS",15,44,25.2,64989,37,,2019-08-03
99-0386,"Amy Santiago",Detective,5,S05E20,BURGLERY,MANHATTAN,ONGOING,42,58,68.6,113645,23,,2020-12-01
99-0387,"Jake Peralta",Detective,2,S02E19,MURDER,BRONX,CLOSED,14,85,41.5,95178,31,"Cool cool cool cool cool",2015-03-02
99-0388,"Terry Jeffords",Sergeant,1,S01E02,ARSON,MANHATTAN,"COLD CASE",23,72,60.9,62534,47,"I am a human person",2021-09-24
99-0389,"Rosa Diaz",Detective,3,S03E07,BURGLARY,BROOKLYN,"COLD CASE",22,43,61.4,76944,60,"I am a human person",2014-04-28
99-0390,"Terry Jeffords",Sergeant,1,S01E10,"DRUG  POSSESSION",QUEENS,CLOSED,2,46,24.6,82896,73,,2013-01-12
99-0391,"Terry Jeffords",Sergeant,3,S03E18,MURDER,MANHATTAN,OPEN,32,57,62.5,NULL,45,,2020-04-05
99-0392,"Norm Scully",Detective,5,S05E14,"GRAND LARCENY",MANHATTAN,CLOSED,41,41,24.4,87652,28,,2013-05-26
99-0395,"Gina Linetti",Administrator,8,S08E02,"GRAND LARCENY",QUEENS,DISMISSED,30,100,72.8,79613,16,"Halloween Heist Champion",2014-08-30
99-0396,NULL,Detective,2,S02E12,STALKING,BRONX,DISMISSED,28,10,46.3,80169,15,,2020-01-14
99-0397,"Michael Hitchcock",Detective,1,S01E19,BURGLARY,BRONX,ONGOING,18,70,36.3,85225,22,Nine-Nine!,2015-03-09
99-0398,"Rosa Diaz",Detective,7,S07E09,"DRUG POSSESSION",BROOKLYN,OPEN,50,51,47.9,0,57,Noice,2019-05-23
99-0399,"Jake Peralta",Detective,2,S02E07,BURGLARY,"STATEN  ISLAND",DISMISSED,44,76,48.1,99717,43,,2015-12-08
99-0400,"Amy Santiago",Detective,5,S05E17,VANDALISM,BROOKLYN,"UNDER INVESTIGATION",50,22,43.5,117052,42,,2019-03-22
99-0401,"Gina Linetti",Administrator,4,S04E08,FRAUD,QUEENS,OPEN,2,85,44.5,98061,68,"Title of your sex tape",2013-12-30
99-0405,"Jake Peralta",Detective,7,S07E14,ASSAULT,BROOKLYN,OPEN,32,81,68.2,79593,27,,2013-09-11
99-0406,NULL,Detective,2,S02E06,ROBBERY,QUEENS,OPEN,37,65,63,108304,55,,2016-08-08
99-0408,"Rosa Diaz",Detective,3,S03E16,STALKING,BRONX,OPEN,42,37,20.6,84750,39,,2013-01-03
99-0409,"Norm Scully",Detective,1,S01E07,ARSON,BRONX,DISMISSED,23,61,29.9,114590,32,,2018-04-10
99-0410,"Norm Scully",Detective,5,S05E11,ARSON,QUEENS,ONGOING,14,6,38.6,115684,44,"Halloween Heist Champion",2016-04-30
99-0411,"Amy Santiago",Detective,2,S02E02,BURGLARY,"STATEN  ISLAND","UNDER INVESTIGATION",12,21,52.5,73972,57,,2020-08-24
99-0412,"Michael Hitchcock",Detective,5,S05E21,"GRAND LARCENY",BROOKLYN,OPEN,49,44,32.9,NULL,68,,2018-01-19
99-0413,"Gina Linetti",Administrator,7,S07E04,STALKING,QUEENS,DISMISSED,5,73,59,NULL,66,Bingpot!,2015-08-02
99-0414,"Gina Linetti",Administrator,5,S05E16,FRAUD,MANHATTAN,DISMISSED,32,60,70.2,NULL,45,,NULL
99-0417,NULL,Detective,1,S01E09,ASSAULT,BROOKLYN,OPEN,1,3,26.9,117063,27,"I want to go to there",2016-07-16
99-0418,"Gina Linetti",Administrator,7,S07E20,VANDALISM,MANHATTAN,"UNDER INVESTIGATION",1,19,50.4,57584,50,Nine-Nine!,2014-11-03
99-0419,"Jake Peralta",Detective,7,S07E20,ARSON,BRONX,DISMISSED,1,96,76.8,57154,75,"I want to go to there",2021-01-08
99-0420,NULL,Detective,2,S02E08,ROBBERY,QUEENS,ONGOING,24,37,73.8,NULL,40,,2013-04-04
99-0421,"Jake Peralta",Detective,4,S04E09,MURDER,BRONX,"UNDER INVESTIGATION",1,17,27.9,115670,58,,2016-03-05
99-0424,"Terry Jeffords",Sergeant,4,S04E21,ASSAULT,BRONX,"COLD CASE",43,8,69.9,NULL,51,,2016-07-10
99-0425,"Rosa Diaz",Detective,1,S01E11,VANDALISM,BROOKLYN,DISMISSED,25,29,76.4,87424,50,,2019-09-24
99-0426,"Norm Scully",Detective,7,S07E06,ASSAULT,BRONX,CLOSED,31,12,69.6,74059,47,,2019-12-07
99-0427,"Terry Jeffords",Sergeant,2,S02E18,MURDER,"STATEN  ISLAND",OPEN,35,37,58.5,59645,31,,2014-05-05
99-0428,"Raymond Holt",Captain,8,S08E05,BURGLARY,QUEENS,CLOSED,23,75,66.7,75272,40,"Halloween Heist Champion",2020-01-24
99-0429,"Raymond Holt",Captain,4,S04E09,FRAUD,BRONX,DISMISSED,9,94,73.2,101389,46,,2020-11-03
99-0430,"Norm Scully",Detective,7,S07E06,ARSON,QUEENS,"COLD CASE",41,39,39.4,NULL,21,,2014-11-28
99-0431,"Michael Hitchcock",Detective,8,S08E15,FRAUD,BROOKLYN,"COLD CASE",49,97,29.5,87344,48,,2018-12-10
99-0432,"Michael Hitchcock",Administrator,1,S01E08,FRAUD,QUEENS,"IN PROGRESS",29,1,37.6,93139,59,,2016-05-28
99-0433,"Charles Boyle",Detective,5,S05E15,BURGLARY,BRONX,DISMISSED,28,41,73.7,NULL,67,"Halloween Heist Champion",2020-08-01
99-0436,"Rosa Diaz",Detective,8,S08E18,STALKING,BROOKLYN,DISMISSED,32,33,44.2,105930,29,,2015-07-26
99-0438,"Norm Scully",Detective,1,S01E01,VANDALISM,QUEENS,DISMISSED,48,33,78.4,82986,58,,2020-01-05
99-0441,"Rosa Diaz",Detective,4,S04E12,FRAUD,QUEENS,"COLD CASE",50,32,33.1,77932,24,"Title of your sex tape",NULL
99-0444,"Amy Santiago",Detective,5,S05E15,FRAUD,QUEENS,ONGOING,4,39,37.3,99494,39,"Get that bread",2013-05-02
99-0445,"Raymond Holt",Captain,6,S06E21,ARSON,BRONX,"COLD CASE",35,59,61.1,108900,73,"Halloween Heist Champion",2014-05-25
99-0446,"Raymond Holt",Captain,4,S04E12,ARSON,MANHATTAN,CLOSED,16,43,64.6,0,23,,2014-06-21
99-0447,"Raymond Holt",Captain,7,S07E08,ARSON,QUEENS,"UNDER INVESTIGATION",19,80,78.1,NULL,31,"I want to go to there",2016-03-01
99-0448,"Charles Boyle",Detective,4,S04E08,ARSON,BRONX,DISMISSED,5,55,45.4,103544,32,,2021-09-21
99-0449,NULL,Detective,2,S02E09,VANDALISM,"STATEN  ISLAND","IN PROGRESS",27,76,58.7,107238,63,,2017-11-26
99-0452,"Raymond Holt",Captain,1,S01E18,ASSAULT,BRONX,CLOSED,50,37,73.9,90091,48,"The squad has arrived",2015-08-09
99-0454,"Michael Hitchcock",Sergeant,4,S04E05,FRAUD,BROOKLYN,"UNDER INVESTIGATION",36,79,68,62284,75,"I am a human person",2014-07-08
99-0455,"Amy Santiago",Detective,5,S05E06,BURGLARY,BRONX,DISMISSED,41,33,74.8,104785,27,"I am a human person",2017-08-21
99-0457,"Michael Hitchcock",Detective,6,S06E07,ARSON,BROOKLYN,DISMISSED,22,29,51.6,77903,70,,2013-03-19
99-0459,"Raymond Holt",Captain,7,S07E05,ROBBERY,MANHATTAN,OPEN,49,92,72.1,112001,34,,2017-08-02
99-0460,"Rosa Diaz",Detective,8,S08E17,VANDALISME,BRONX,CLOSED,38,0,42.2,0,29,"I want to go to there",2018-01-15
99-0461,"Raymond Holt",Captain,2,S02E13,ROBBERY,QUEENS,"COLD CASE",11,86,75,79263,57,,2017-01-16
99-0462,"Raymond Holt",Captain,7,S07E05,MURDER,BRONX,OPEN,17,29,21,88643,63,,2014-10-23
99-0463,"Gina Linetti",Administrator,3,S03E06,MURDER,QUEENS,"COLD CASE",17,84,48,66475,19,,2014-07-21
99-0464,"Gina Linetti",Administrator,7,S07E06,ARSON,MANHATTAN,"UNDER INVESTIGATION",10,67,55.8,93151,56,"I want to go to there",2014-05-01
99-0465,"Rosa Diaz",Detective,5,S05E23,MURDER,QUEENS,OPEN,38,80,41.3,82700,72,,2014-04-19
99-0467,"Amy Santiago",Detective,3,S03E22,BURGLARY,"STATEN  ISLAND",OPEN,50,57,77.4,NULL,59,,2015-01-14
99-0468,"Charles Boyle",Detective,7,S07E05,BURGLARY,QUEENS,"IN PROGRESS",29,11,36.6,NULL,54,,2013-07-15
99-0469,"Raymond Holt",Captain,8,S08E21,VANDALISM,"STATEN  ISLAND",DISMISSED,18,0,52.7,85379,66,,2017-07-05
99-0470,"Michael Hitchcock",Detective,2,S02E22,ARSON,BROOKLYN,OPEN,13,88,38.3,67645,27,,2016-03-10
99-0473,"Amy Santiago",Detective,6,S06E12,BURGLARY,MANHATTAN,CLOSED,40,57,71.5,73542,32,"Cool cool cool cool cool",NULL
99-0474,"Raymond Holt",Captain,5,S05E05,VANDALISME,BROOKLYN,"UNDER INVESTIGATION",10,19,35.8,NULL,40,,2019-12-30
99-0475,"Amy Santiago",Detective,8,S08E15,STALKING,BROOKLYN,DISMISSED,12,14,62.7,116160,36,,2013-06-24
99-0476,"Terry Jeffords",Sergeant,2,S02E23,VANDALISM,MANHATTAN,CLOSED,0,0,76.6,95327,27,,2016-07-08
99-0479,"Gina Linetti",Administrator,3,S03E08,"DRUG POSSESSION",BRONX,CLOSED,22,25,40.7,83433,46,,NULL
99-0480,"Norm Scully",Detective,1,S01E01,ASSAULT,MANHATTAN,OPEN,50,74,56.7,101604,55,,2017-04-28
99-0481,"Raymond Holt",Captain,5,S05E16,"GRAND LARCENY",MANHATTAN,OPEN,17,96,56.2,NULL,38,Bingpot!,2016-07-02
99-0482,"Gina Linetti",Administrator,1,S01E02,STALKING,QUEENS,"UNDER INVESTIGATION",42,72,56.1,107849,32,,2015-07-22
99-0483,NULL,Detective,4,S04E17,ROBBERY,BROOKLYN,CLOSED,47,23,76,NULL,26,"Get that bread",2015-05-29
99-0484,"Gina Linetti",Administrator,2,S02E19,"GRAND LARCENY","STATEN  ISLAND",OPEN,41,11,46.1,NULL,46,,2014-02-19
99-0486,NULL,Detective,1,S01E04,"GRAND LARCENY",BRONX,DISMISSED,40,32,58.2,74635,59,Noice,2017-03-18
99-0487,"Jake Peralta",Detective,1,S01E02,"DRUG  POSSESSION",MANHATTAN,CLOSED,4,92,32.3,NULL,71,"Halloween Heist Champion",2021-01-13
99-0488,"Raymond Holt",Captain,6,S06E11,FRAUD,"STATEN  ISLAND","COLD CASE",50,47,52.5,NULL,65,"Cool cool cool cool cool",2020-11-06
99-0489,"Charles Boyle",Detective,2,S02E06,"DRUG  POSSESSION",MANHATTAN,"COLD CASE",42,76,20.2,55035,70,,2018-04-25
99-0490,"Raymond Holt",Captain,2,S02E09,STALKING,BROOKLYN,OPEN,2,80,59.2,95087,16,,2013-06-12
99-0492,"Gina Linetti",Administrator,8,S08E18,FRAUD,BRONX,OPEN,10,98,78.2,97574,52,,2020-08-26
99-0494,NULL,NULL,3,S03E03,STALKING,MANHATTAN,CLOSED,2,61,27.3,0,56,,2020-07-12
99-0495,"Jake Peralta",Detective,3,S03E19,MURDER,BRONX,OPEN,36,70,25.9,64144,30,"The squad has arrived",2018-11-11
99-0496,"Gina Linetti",Administrator,2,S02E08,ASSAULT,"STATEN  ISLAND",DISMISSED,12,97,60.1,NULL,62,,2014-07-13
99-0497,"Terry Jeffords",Sergeant,2,S02E08,BURGLARY,QUEENS,"COLD CASE",3,37,53.3,NULL,37,Noice,2020-06-19
99-0498,"Norm Scully",Detective,3,S03E02,ROBBERY,QUEENS,"COLD CASE",29,33,32.3,59083,16,,2020-03-29
99-0500,"Amy Santiago",Detective,1,S01E11,VANDALISM,MANHATTAN,"COLD CASE",28,33,59.6,101505,31,,2018-02-01
99-0504,NULL,Detective,7,S07E17,"DRUG POSSESSION",BRONX,DISMISSED,13,7,62.7,85257,60,"Cool cool cool cool cool",2019-01-09
99-0505,"Amy Santiago",Detective,8,S08E23,ARSON,QUEENS,"UNDER INVESTIGATION",32,40,45.6,82250,55,"The squad has arrived",2020-06-04
99-0506,"Jake Peralta",Detective,8,S08E04,FRAUD,QUEENS,OPEN,0,4,36.6,97846,39,"Halloween Heist Champion",2016-12-13
99-0507,"Jake Peralta",Detective,5,S05E18,VANDALISM,QUEENS,OPEN,44,42,54.6,91184,64,"Cool cool cool cool cool",2016-06-14
99-0510,"Charles Boyle",Detective,1,S01E22,"GRAND LARCENY",MANHATTAN,OPEN,37,86,31.2,97427,33,,2021-03-15
99-0511,"Rosa Diaz",Detective,1,S01E12,ARSON,BRONX,CLOSED,38,50,51.6,100617,35,,2015-12-13
99-0513,"Terry Jeffords",Sergeant,7,S07E10,MURDER,"STATEN  ISLAND",DISMISSED,30,25,43.4,93377,36,"Cool cool cool cool cool",2016-05-20
99-0514,NULL,Detective,3,S03E17,BURGLERY,MANHATTAN,DISMISSED,36,5,77.7,NULL,65,,2015-06-10
99-0515,"Michael Hitchcock",Captain,2,S02E16,ASSAULT,BRONX,"IN PROGRESS",23,18,26.3,95627,73,Nine-Nine!,2019-12-14
99-0516,NULL,Detective,7,S07E13,ARSON,"STATEN  ISLAND",OPEN,17,69,75.3,98943,47,,2017-10-22
99-0517,"Michael Hitchcock",Sergeant,5,S05E01,BURGLARY,"STATEN  ISLAND","UNDER INVESTIGATION",47,67,49.7,84143,44,,2016-12-29
99-0518,NULL,Detective,7,S07E11,VANDALISM,QUEENS,DISMISSED,16,29,49.9,63362,49,,2020-10-13
99-0520,"Norm Scully",Detective,6,S06E08,ARSON,"STATEN  ISLAND","UNDER INVESTIGATION",10,95,66.3,NULL,70,Bingpot!,2013-12-24
99-0521,"Norm Scully",Detective,3,S03E11,ROBBERY,"STATEN  ISLAND",CLOSED,0,22,35.9,NULL,16,"I am a human person",2021-12-14
99-0522,"Michael Hitchcock",Detective,1,S01E16,MURDER,QUEENS,"IN PROGRESS",22,5,47.9,73390,15,"Halloween Heist Champion",2020-01-17
99-0523,"Amy Santiago",Detective,5,S05E21,MURDER,BROOKLYN,"COLD CASE",25,60,52.1,70121,37,"I want to go to there",NULL
99-0524,"Michael Hitchcock",Administrator,6,S06E11,BURGLARY,BRONX,OPEN,20,82,36.5,94409,47,Noice,2017-07-30
99-0525,NULL,Detective,4,S04E22,BURGLARY,QUEENS,DISMISSED,23,55,75.2,74002,46,Bingpot!,2016-01-09
99-0527,NULL,Detective,5,S05E04,MURDER,"STATEN  ISLAND",CLOSED,26,48,67.3,92462,16,,2015-04-13
99-0528,"Gina Linetti",Administrator,1,S01E19,STALKING,BROOKLYN,OPEN,39,6,67.2,55232,15,,2013-06-22
99-0529,"Amy Santiago",Detective,3,S03E10,VANDALISME,BRONX,"IN PROGRESS",48,23,26.7,107759,60,Nine-Nine!,2017-02-06
99-0530,"Charles Boyle",Detective,6,S06E20,ROBBERY,MANHATTAN,CLOSED,26,73,53.4,112022,38,"The squad has arrived",2020-01-04
99-0531,"Amy Santiago",Detective,1,S01E09,ASSAULT,BROOKLYN,DISMISSED,48,65,62.9,NULL,67,,2014-12-23
99-0532,"Norm Scully",Detective,3,S03E03,STALKING,BROOKLYN,"UNDER INVESTIGATION",46,44,45.5,83883,64,"I am a human person",2021-06-09
99-0533,"Amy Santiago",Detective,5,S05E15,"DRUG POSSESSION","STATEN  ISLAND",OPEN,3,36,50.3,61253,58,,2018-01-18
99-0535,"Terry Jeffords",Sergeant,2,S02E06,FRAUD,QUEENS,"COLD CASE",21,95,27.7,65781,74,"Title of your sex tape",2018-06-10
99-0536,"Terry Jeffords",Sergeant,8,S08E07,FRAUD,"STATEN  ISLAND","COLD CASE",32,89,62.1,108850,41,,2013-08-09
99-0537,"Raymond Holt",Captain,1,S01E19,VANDALISM,BRONX,CLOSED,26,98,68.6,110131,54,,2019-01-27
99-0538,"Jake Peralta",Detective,3,S03E20,VANDALISME,MANHATTAN,DISMISSED,35,55,43,NULL,61,"I want to go to there",NULL
99-0540,"Amy Santiago",Detective,7,S07E08,"DRUG POSSESSION",BROOKLYN,CLOSED,39,9,60.2,NULL,20,,2014-04-05
99-0542,"Charles Boyle",Detective,8,S08E11,FRAUD,QUEENS,OPEN,35,76,20.6,65611,22,,2013-02-11
99-0543,"Raymond Holt",Captain,1,S01E17,VANDALISM,QUEENS,CLOSED,18,63,29.3,NULL,58,"The squad has arrived",2021-04-09
99-0545,"Rosa Diaz",Detective,2,S02E07,"GRAND LARCENY",BRONX,OPEN,38,54,58.8,73940,36,,2020-02-11
99-0546,"Gina Linetti",Administrator,4,S04E19,ROBBERY,MANHATTAN,CLOSED,3,50,72,117940,40,,2017-01-17
99-0547,"Rosa Diaz",Detective,4,S04E02,"GRAND LARCENY",QUEENS,OPEN,2,65,37.2,61635,75,"The squad has arrived",NULL
99-0548,"Jake Peralta",Detective,7,S07E13,VANDALISME,MANHATTAN,CLOSED,44,43,20.9,81511,15,,2015-06-14
99-0549,"Rosa Diaz",Detective,3,S03E10,"DRUG POSSESSION",MANHATTAN,"UNDER INVESTIGATION",18,86,53.3,74345,35,,NULL
99-0550,"Michael Hitchcock",Administrator,6,S06E05,ROBERRY,QUEENS,CLOSED,47,4,27.4,0,65,"Halloween Heist Champion",2015-12-31
99-0551,NULL,Detective,4,S04E23,ASSAULT,BRONX,DISMISSED,24,14,75.4,NULL,32,,2021-10-23
99-0553,"Gina Linetti",Administrator,5,S05E05,"DRUG POSSESSION",QUEENS,DISMISSED,34,58,74.5,102190,55,Bingpot!,2016-05-04
99-0556,"Terry Jeffords",Sergeant,3,S03E12,STALKING,MANHATTAN,DISMISSED,24,92,52.5,67846,52,,2016-11-22
99-0557,"Rosa Diaz",Detective,2,S02E18,VANDALISM,BROOKLYN,"COLD CASE",48,14,33.2,NULL,31,"The squad has arrived",2016-07-16
99-0558,NULL,Detective,1,S01E13,ASSAULT,BROOKLYN,OPEN,31,40,70.1,103145,36,,2016-02-11
99-0559,"Raymond Holt",Captain,1,S01E17,"GRAND LARCENY",QUEENS,OPEN,33,95,65.3,74548,66,,2013-07-15
99-0561,"Jake Peralta",Detective,4,S04E03,ROBBERY,"STATEN  ISLAND","COLD CASE",26,72,60.8,109061,53,,2015-01-28
99-0562,"Norm Scully",Detective,6,S06E20,MURDER,"STATEN  ISLAND",DISMISSED,37,18,67.3,116151,26,"Halloween Heist Champion",2014-05-25
99-0563,"Michael Hitchcock",Sergeant,1,S01E07,FRAUD,BROOKLYN,DISMISSED,34,65,72.3,NULL,56,"I want to go to there",2013-03-10
99-0564,NULL,NULL,2,S02E17,ROBBERY,BRONX,"COLD CASE",37,84,41.1,55423,45,,2020-03-26
99-0565,"Norm Scully",Detective,6,S06E22,STALKING,QUEENS,"IN PROGRESS",33,11,41.8,NULL,45,"I am a human person",2020-09-14
99-0569,"Gina Linetti",Administrator,4,S04E14,VANDALISME,BRONX,OPEN,36,60,51.5,NULL,72,,NULL
99-0572,"Norm Scully",Detective,2,S02E16,ARSON,MANHATTAN,OPEN,47,59,69.4,113485,16,Noice,2014-12-21
99-0573,NULL,Detective,6,S06E11,STALKING,BRONX,CLOSED,31,29,53.2,NULL,39,,2017-07-08
99-0574,"Gina Linetti",Administrator,5,S05E11,BURGLARY,BRONX,DISMISSED,49,9,73.8,106771,42,Noice,NULL
99-0575,NULL,Detective,2,S02E11,ASSAULT,MANHATTAN,"COLD CASE",33,8,33.1,89551,63,Bingpot!,2018-07-27
99-0576,"Gina Linetti",Administrator,1,S01E17,FRAUD,MANHATTAN,ONGOING,3,80,57.2,60766,44,,2016-07-02
99-0578,"Raymond Holt",Captain,2,S02E06,VANDALISM,MANHATTAN,CLOSED,12,61,59.6,109466,52,Bingpot!,2018-01-15
99-0579,"Terry Jeffords",Sergeant,5,S05E07,FRAUD,BRONX,CLOSED,0,5,76.3,0,17,"Cool cool cool cool cool",2019-05-23
99-0580,"Charles Boyle",Detective,4,S04E02,MURDER,BRONX,CLOSED,41,47,48.3,58518,37,,2013-08-04
99-0581,"Gina Linetti",Administrator,8,S08E23,MURDER,QUEENS,"UNDER INVESTIGATION",13,82,60.4,55774,47,,2018-02-20
99-0586,"Rosa Diaz",Detective,5,S05E23,MURDER,BRONX,"COLD CASE",13,74,51.8,73854,54,Noice,2013-01-05
99-0587,"Jake Peralta",Detective,7,S07E02,STALKING,MANHATTAN,"UNDER INVESTIGATION",11,39,25.9,56337,72,,2014-07-26
99-0589,NULL,Detective,5,S05E11,"DRUG POSESSION",QUEENS,OPEN,35,97,66.2,68552,40,Nine-Nine!,2017-09-05
99-0590,"Raymond Holt",Captain,8,S08E03,MURDER,"STATEN  ISLAND","COLD CASE",16,81,20.5,103248,43,,2014-09-10
99-0591,"Raymond Holt",Captain,2,S02E07,ROBBERY,MANHATTAN,DISMISSED,19,7,43.7,62083,56,,2017-07-05
99-0592,"Amy Santiago",Detective,4,S04E05,ARSON,BROOKLYN,ONGOING,2,49,67.9,113167,68,,2015-11-06
99-0595,"Raymond Holt",Captain,2,S02E16,FRAUD,BRONX,OPEN,10,90,50.6,91665,21,,2017-06-27
99-0596,"Jake Peralta",Detective,8,S08E15,MURDER,BRONX,CLOSED,31,72,57.3,104670,20,"Title of your sex tape",2013-05-25
99-0597,"Norm Scully",Detective,3,S03E17,"GRAND LARCENY",BROOKLYN,DISMISSED,27,92,28.4,110918,16,,2020-07-08
99-0599,"Jake Peralta",Detective,8,S08E22,MURDER,"STATEN  ISLAND","IN PROGRESS",14,80,22.2,71692,36,"Title of your sex tape",2017-09-19
99-0601,"Terry Jeffords",Sergeant,2,S02E21,FRAUD,MANHATTAN,"COLD CASE",25,20,36,0,44,,2015-03-05
99-0603,"Charles Boyle",Detective,4,S04E04,VANDALISME,QUEENS,CLOSED,36,76,41.8,60721,56,"Cool cool cool cool cool",2021-12-06
99-0605,"Terry Jeffords",Sergeant,6,S06E16,ARSON,BRONX,"COLD CASE",1,67,60.9,58374,65,,2021-03-27
99-0606,NULL,Detective,8,S08E18,BURGLARY,BROOKLYN,OPEN,17,93,60.3,60711,46,,2018-10-01
99-0608,"Gina Linetti",Administrator,4,S04E02,ARSON,"STATEN  ISLAND",DISMISSED,39,81,53.1,62637,22,Noice,2021-10-24
99-0609,"Rosa Diaz",Detective,1,S01E20,"DRUG POSESSION",BRONX,DISMISSED,7,54,32.6,0,75,,2014-09-01
99-0610,"Raymond Holt",Captain,2,S02E03,STALKING,BROOKLYN,OPEN,23,50,68.3,NULL,39,,NULL
99-0612,"Jake Peralta",Detective,6,S06E09,"DRUG POSSESSION","STATEN  ISLAND","COLD CASE",30,71,22.9,109434,34,,2019-04-27
99-0613,"Amy Santiago",Detective,7,S07E05,"DRUG POSSESSION",QUEENS,"UNDER INVESTIGATION",30,67,77.7,56502,64,,2015-01-27
99-0614,"Charles Boyle",Detective,4,S04E03,VANDALISM,QUEENS,OPEN,10,2,53.2,0,63,,2020-09-21
99-0615,"Gina Linetti",Administrator,2,S02E05,VANDALISM,MANHATTAN,"COLD CASE",13,43,28,90943,50,"Title of your sex tape",2013-07-02
99-0616,"Gina Linetti",Administrator,5,S05E02,ARSON,BRONX,DISMISSED,39,47,24.3,115690,22,,2016-02-11
99-0618,"Raymond Holt",Captain,8,S08E17,ARSON,MANHATTAN,DISMISSED,11,92,39.5,NULL,45,,2016-03-04
99-0621,"Norm Scully",Detective,7,S07E15,BURGLARY,MANHATTAN,CLOSED,17,85,73.6,100856,67,,2014-11-17
99-0623,"Raymond Holt",Captain,5,S05E14,FRAUD,MANHATTAN,OPEN,37,14,60.4,76564,16,"The squad has arrived",2016-10-03
99-0625,"Gina Linetti",Administrator,7,S07E23,ASSAULT,QUEENS,OPEN,49,58,38.6,NULL,64,"Get that bread",2021-11-19
99-0627,"Amy Santiago",Detective,6,S06E16,MURDER,MANHATTAN,OPEN,45,88,73.6,59746,56,"Get that bread",2020-07-14
99-0629,"Michael Hitchcock",Sergeant,2,S02E11,ROBBERY,MANHATTAN,"COLD CASE",45,60,48.3,90909,57,,2017-08-06
99-0631,"Gina Linetti",Administrator,6,S06E13,ASSAULT,QUEENS,DISMISSED,33,58,32.2,NULL,67,,2014-11-18
99-0632,"Gina Linetti",Administrator,1,S01E22,"GRAND LARCENY",QUEENS,"UNDER INVESTIGATION",37,77,34.4,62808,55,,2014-10-21
99-0633,"Gina Linetti",Administrator,4,S04E23,"GRAND LARCENY",QUEENS,ONGOING,31,55,38.9,76334,62,,2020-08-10
99-0634,"Raymond Holt",Captain,2,S02E23,ROBBERY,QUEENS,OPEN,30,89,76.1,80013,36,Noice,2014-05-10
99-0635,"Gina Linetti",Administrator,7,S07E16,VANDALISME,BRONX,DISMISSED,1,57,64.1,NULL,35,,2014-01-22
99-0636,"Michael Hitchcock",Captain,1,S01E17,ROBBERY,QUEENS,ONGOING,18,0,30,NULL,65,"Title of your sex tape",2019-07-10
99-0637,"Jake Peralta",Detective,5,S05E22,"DRUG  POSSESSION",QUEENS,CLOSED,42,76,72.9,NULL,21,,2015-05-14
99-0638,"Terry Jeffords",Sergeant,1,S01E18,ROBBERY,MANHATTAN,OPEN,29,21,71,97061,17,"I want to go to there",2019-07-06
99-0639,"Terry Jeffords",Sergeant,8,S08E05,"GRAND LARCENY",BRONX,"COLD CASE",38,47,56.2,NULL,29,"Halloween Heist Champion",2021-05-15
99-0640,"Norm Scully",Detective,8,S08E11,"GRAND LARCENY",QUEENS,"UNDER INVESTIGATION",21,39,22.3,60605,56,"Title of your sex tape",2017-11-27
99-0641,"Gina Linetti",Administrator,4,S04E11,BURGLERY,QUEENS,CLOSED,28,93,43,55432,32,,2021-07-26
99-0642,"Terry Jeffords",Sergeant,2,S02E04,STALKING,BROOKLYN,CLOSED,30,53,31.8,83930,72,,2016-04-20
99-0643,"Norm Scully",Detective,2,S02E05,ASSAULT,QUEENS,"UNDER INVESTIGATION",12,57,71.5,NULL,16,"Halloween Heist Champion",2017-05-18
99-0644,"Jake Peralta",Detective,4,S04E22,"GRAND LARCENY",QUEENS,DISMISSED,20,5,76.3,71598,46,Nine-Nine!,2019-03-26
99-0645,"Rosa Diaz",Detective,1,S01E13,MURDER,"STATEN  ISLAND",OPEN,27,69,42.8,60672,42,Nine-Nine!,2014-05-23
99-0647,"Amy Santiago",Detective,7,S07E10,VANDALISM,BROOKLYN,OPEN,12,50,24.7,62257,24,Bingpot!,2013-08-01
99-0648,"Amy Santiago",Detective,8,S08E13,ARSON,QUEENS,"UNDER INVESTIGATION",43,30,75.5,59933,58,"The squad has arrived",2019-11-12
99-0650,"Charles Boyle",Detective,2,S02E12,ARSON,"STATEN  ISLAND",CLOSED,47,6,59.6,68801,50,,2014-10-31
99-0652,"Amy Santiago",Detective,6,S06E22,ASSAULT,BRONX,CLOSED,4,42,41.6,112358,69,,2018-06-12
99-0654,"Norm Scully",Detective,5,S05E01,ASSAULT,BROOKLYN,OPEN,2,57,38.3,81258,42,"Get that bread",2019-09-22
99-0655,"Michael Hitchcock",Administrator,8,S08E17,VANDALISM,QUEENS,OPEN,49,49,37,76759,58,,2016-03-16
99-0656,"Jake Peralta",Detective,4,S04E08,VANDALISME,BRONX,"IN PROGRESS",49,44,55.3,93224,17,,2019-12-11
99-0657,"Raymond Holt",Captain,8,S08E15,ASSAULT,MANHATTAN,DISMISSED,30,49,25.6,106581,64,,2013-12-13
99-0659,"Charles Boyle",Detective,5,S05E08,MURDER,BROOKLYN,OPEN,40,70,58.7,84641,50,,2019-01-05
99-0660,"Norm Scully",Detective,8,S08E21,ROBBERY,MANHATTAN,"COLD CASE",48,46,42,56368,54,Nine-Nine!,2015-02-28
99-0661,"Raymond Holt",Captain,4,S04E05,ROBBERY,"STATEN  ISLAND",CLOSED,12,8,57.5,NULL,31,,2020-04-28
99-0662,"Raymond Holt",Captain,1,S01E19,ASSAULT,BROOKLYN,OPEN,35,23,37.9,NULL,23,,2019-01-24
99-0664,"Charles Boyle",Detective,4,S04E20,ASSAULT,MANHATTAN,OPEN,47,61,51.4,NULL,60,,2013-09-08
99-0665,"Michael Hitchcock",Detective,3,S03E16,BURGLARY,BROOKLYN,"COLD CASE",36,79,27.4,60213,23,Noice,2021-12-21
99-0668,"Gina Linetti",Administrator,3,S03E20,VANDALISM,"STATEN  ISLAND","UNDER INVESTIGATION",10,36,28.8,0,69,,2017-02-17
99-0671,"Rosa Diaz",Detective,8,S08E14,MURDER,"STATEN  ISLAND","COLD CASE",28,7,48.6,105142,36,,2018-02-22
99-0672,"Raymond Holt",Captain,5,S05E18,STALKING,"STATEN  ISLAND","IN PROGRESS",42,91,59.2,70430,27,"Get that bread",2017-10-24
99-0673,"Michael Hitchcock",Detective,8,S08E15,BURGLARY,MANHATTAN,CLOSED,11,76,46.7,64306,43,,2017-10-30
99-0674,"Norm Scully",Detective,3,S03E06,ARSON,BRONX,"COLD CASE",22,13,24.9,113207,41,,2018-08-11
99-0675,"Rosa Diaz",Detective,3,S03E11,VANDALISME,BRONX,DISMISSED,36,90,42.2,67706,33,"Halloween Heist Champion",2016-05-05
99-0676,"Terry Jeffords",Sergeant,1,S01E02,ASSAULT,"STATEN  ISLAND","COLD CASE",43,23,21.4,65949,33,Noice,2019-10-05
99-0677,"Rosa Diaz",Detective,3,S03E01,"DRUG POSESSION",MANHATTAN,"COLD CASE",21,40,36.5,107253,39,Noice,2017-09-14
99-0678,"Norm Scully",Detective,3,S03E19,"DRUG POSESSION","STATEN  ISLAND","COLD CASE",4,77,63.5,117849,21,"The squad has arrived",2017-12-16
99-0679,"Rosa Diaz",Detective,3,S03E20,ARSON,MANHATTAN,CLOSED,14,68,69,100996,50,Noice,2014-10-08
99-0680,"Michael Hitchcock",Sergeant,2,S02E18,"DRUG POSSESSION",MANHATTAN,CLOSED,22,66,67.3,114089,69,"Title of your sex tape",2019-01-03
99-0681,NULL,Detective,3,S03E12,FRAUD,BRONX,"IN PROGRESS",23,5,55.2,NULL,70,,2014-11-28
99-0682,"Raymond Holt",Captain,2,S02E11,ASSAULT,MANHATTAN,"UNDER INVESTIGATION",22,7,79.3,77661,45,,2017-03-20
99-0684,"Terry Jeffords",Sergeant,5,S05E18,BURGLARY,BROOKLYN,OPEN,12,30,32.7,111883,16,Bingpot!,2014-04-30
99-0685,"Jake Peralta",Detective,3,S03E16,STALKING,"STATEN  ISLAND","UNDER INVESTIGATION",41,34,24.9,102384,38,,2015-11-13
99-0686,"Raymond Holt",Captain,6,S06E09,FRAUD,BROOKLYN,"COLD CASE",17,71,75.4,63390,35,,2016-07-04
99-0687,"Terry Jeffords",Sergeant,4,S04E08,"DRUG POSSESSION",BROOKLYN,"UNDER INVESTIGATION",46,31,74.9,NULL,65,,2015-03-28
99-0688,"Rosa Diaz",Detective,3,S03E16,VANDALISM,MANHATTAN,"COLD CASE",15,22,26.6,113645,39,Noice,2018-11-15
99-0689,"Gina Linetti",Administrator,1,S01E06,ASSAULT,QUEENS,CLOSED,40,96,50.4,96596,60,"I want to go to there",2021-06-22
99-0690,"Amy Santiago",Detective,5,S05E01,ASSAULT,QUEENS,"UNDER INVESTIGATION",11,93,52.2,101579,29,,2019-01-14
99-0693,"Charles Boyle",Detective,1,S01E18,STALKING,BRONX,OPEN,10,75,41.5,100563,66,,2019-06-09
99-0694,"Norm Scully",Detective,1,S01E23,FRAUD,"STATEN  ISLAND","COLD CASE",8,7,30.7,78282,68,Noice,2020-06-05
99-0695,"Terry Jeffords",Sergeant,3,S03E16,ASSAULT,BRONX,OPEN,32,59,62.7,91724,72,,2016-03-14
99-0696,"Michael Hitchcock",Sergeant,4,S04E06,MURDER,BRONX,OPEN,48,72,51.1,102544,57,,2013-09-16
99-0699,"Gina Linetti",Administrator,3,S03E18,ROBERRY,MANHATTAN,"COLD CASE",36,20,34.9,74744,51,Noice,2013-09-16
99-0700,"Rosa Diaz",Detective,5,S05E13,STALKING,QUEENS,OPEN,27,39,64.4,0,15,Nine-Nine!,NULL
99-0701,"Raymond Holt",Captain,4,S04E03,"DRUG  POSSESSION",BROOKLYN,"COLD CASE",22,17,66.2,83880,45,,2021-10-04
99-0702,"Terry Jeffords",Sergeant,1,S01E08,BURGLARY,QUEENS,"COLD CASE",16,70,78.9,93613,30,,2014-07-21
99-0703,"Michael Hitchcock",Captain,4,S04E17,"DRUG POSSESSION",BROOKLYN,DISMISSED,27,55,45.3,87296,45,"Cool cool cool cool cool",2019-02-15
99-0704,"Raymond Holt",Captain,8,S08E03,ROBBERY,QUEENS,"IN PROGRESS",32,58,34.5,100270,28,,2021-01-03
99-0705,"Jake Peralta",Detective,3,S03E07,MURDER,"STATEN  ISLAND",OPEN,18,94,21.8,99345,44,,2016-10-22
99-0706,"Jake Peralta",Detective,5,S05E15,"GRAND LARCENY","STATEN  ISLAND",OPEN,36,38,37.5,98793,59,,2018-03-13
99-0707,NULL,Detective,2,S02E02,"DRUG  POSSESSION",QUEENS,OPEN,22,16,31,116081,34,Noice,2017-07-19
99-0709,"Terry Jeffords",Sergeant,7,S07E23,STALKING,BROOKLYN,OPEN,13,52,49.8,80035,30,,2019-02-12
99-0710,"Norm Scully",Detective,6,S06E02,"DRUG  POSSESSION","STATEN  ISLAND","COLD CASE",9,36,23.6,87826,41,,2014-04-17
99-0712,"Norm Scully",Detective,6,S06E01,"DRUG POSESSION",QUEENS,OPEN,46,86,61.6,77391,45,,2016-07-12
99-0717,"Amy Santiago",Detective,3,S03E02,ARSON,MANHATTAN,CLOSED,50,72,43.4,NULL,15,,2021-08-31
99-0721,"Terry Jeffords",Sergeant,5,S05E15,"DRUG POSSESSION","STATEN  ISLAND","COLD CASE",30,6,63.2,70129,62,"Cool cool cool cool cool",2014-09-14
99-0722,"Michael Hitchcock",NULL,5,S05E17,ASSAULT,BRONX,ONGOING,23,86,79.3,92716,38,,2014-11-23
99-0723,NULL,Detective,4,S04E10,MURDER,"STATEN  ISLAND",CLOSED,14,68,45.2,100276,26,Bingpot!,2014-12-23
99-0725,"Amy Santiago",Detective,1,S01E21,STALKING,MANHATTAN,"UNDER INVESTIGATION",50,85,30.2,85979,33,,2016-06-13
99-0726,"Terry Jeffords",Sergeant,3,S03E18,BURGLARY,MANHATTAN,"UNDER INVESTIGATION",14,6,36.3,96431,61,,2016-04-07
99-0728,"Raymond Holt",Captain,4,S04E08,ROBBERY,QUEENS,CLOSED,23,11,52.5,NULL,47,,2015-01-14
99-0731,"Jake Peralta",Detective,4,S04E16,BURGLARY,MANHATTAN,"COLD CASE",16,84,28.8,109605,30,"Halloween Heist Champion",2015-02-25
99-0732,"Raymond Holt",Captain,4,S04E01,BURGLARY,MANHATTAN,OPEN,20,53,58.7,NULL,20,,2015-05-25
99-0734,"Terry Jeffords",Sergeant,2,S02E23,BURGLARY,MANHATTAN,CLOSED,40,97,27.3,62743,74,,2017-03-22
99-0735,"Raymond Holt",Captain,3,S03E02,ASSAULT,BROOKLYN,"UNDER INVESTIGATION",9,85,37.8,116440,56,,2019-06-02
99-0736,"Michael Hitchcock",Sergeant,6,S06E02,"GRAND LARCENY",MANHATTAN,CLOSED,23,48,29,57591,70,,2015-03-24
99-0737,"Gina Linetti",Administrator,4,S04E22,"DRUG POSSESSION",BRONX,ONGOING,2,62,71.1,83172,19,"Get that bread",2013-07-01
99-0738,"Gina Linetti",Administrator,1,S01E12,ROBBERY,"STATEN  ISLAND",CLOSED,33,96,57.1,NULL,20,"I am a human person",2015-06-24
99-0739,"Gina Linetti",Administrator,7,S07E06,STALKING,"STATEN  ISLAND","UNDER INVESTIGATION",47,67,42.2,87265,29,Nine-Nine!,2015-09-11
99-0741,NULL,Detective,6,S06E22,STALKING,MANHATTAN,DISMISSED,43,98,37.7,114262,50,,2018-09-16
99-0742,NULL,Detective,4,S04E03,ROBBERY,BROOKLYN,"UNDER INVESTIGATION",34,64,62.6,98171,72,,2013-09-06
99-0743,"Raymond Holt",Captain,4,S04E06,ASSAULT,MANHATTAN,CLOSED,14,9,45.1,98850,68,"The squad has arrived",NULL
99-0745,"Michael Hitchcock",Detective,7,S07E04,ASSAULT,BRONX,CLOSED,16,52,60.2,NULL,36,"Title of your sex tape",2019-01-30
99-0746,"Charles Boyle",Detective,2,S02E20,ASSAULT,"STATEN  ISLAND",ONGOING,3,25,26.7,93141,71,,2015-01-07
99-0748,"Michael Hitchcock",Detective,7,S07E07,FRAUD,"STATEN  ISLAND",CLOSED,9,22,73.9,69250,51,"I want to go to there",2013-06-21
99-0749,"Gina Linetti",Administrator,1,S01E02,VANDALISME,BRONX,OPEN,2,3,47,96734,45,Nine-Nine!,2014-10-11
99-0750,NULL,Detective,6,S06E18,FRAUD,BROOKLYN,"COLD CASE",15,96,57,NULL,31,,NULL
99-0752,"Michael Hitchcock",Sergeant,3,S03E05,ARSON,BRONX,CLOSED,15,56,58.5,76344,65,,2019-09-30
99-0753,"Terry Jeffords",Sergeant,8,S08E06,BURGLARY,BRONX,CLOSED,21,12,20.7,63399,74,,2017-02-08
99-0754,NULL,NULL,3,S03E06,STALKING,MANHATTAN,OPEN,1,89,76,88025,15,,2019-06-04
99-0756,"Michael Hitchcock",Captain,8,S08E04,ARSON,"STATEN  ISLAND",OPEN,1,26,73.8,116417,68,,2017-02-21
99-0757,"Gina Linetti",Administrator,6,S06E15,"GRAND LARCENY",QUEENS,"COLD CASE",45,62,58.8,108814,41,,2014-06-27
99-0759,"Terry Jeffords",Sergeant,7,S07E10,STALKING,QUEENS,CLOSED,26,9,71.5,98806,19,"Halloween Heist Champion",2018-08-13
99-0760,"Terry Jeffords",Sergeant,2,S02E21,VANDALISM,"STATEN  ISLAND","COLD CASE",36,76,78.9,102757,67,Bingpot!,2021-12-07
99-0762,NULL,Detective,6,S06E18,"DRUG POSSESSION",BRONX,DISMISSED,41,27,59.6,NULL,68,,2020-11-11
99-0763,"Michael Hitchcock",Detective,1,S01E16,ROBBERY,BROOKLYN,DISMISSED,48,28,58.4,0,26,,2013-03-13
99-0764,"Gina Linetti",Administrator,3,S03E22,BURGLERY,BROOKLYN,"COLD CASE",32,56,20.9,114874,32,,2015-03-11
99-0766,"Terry Jeffords",Sergeant,4,S04E09,ARSON,"STATEN  ISLAND",DISMISSED,5,48,21.8,NULL,44,,2013-09-26
99-0768,"Terry Jeffords",Sergeant,8,S08E06,BURGLARY,"STATEN  ISLAND",CLOSED,13,60,58.1,118012,71,,2013-10-07
99-0769,"Terry Jeffords",Sergeant,1,S01E12,"GRAND LARCENY","STATEN  ISLAND",OPEN,24,57,67.2,99497,40,,2021-06-12
99-0771,"Terry Jeffords",Sergeant,2,S02E10,"DRUG POSSESSION",QUEENS,OPEN,14,52,62.9,112801,67,,2020-09-02
99-0774,"Jake Peralta",Detective,6,S06E10,STALKING,QUEENS,OPEN,21,12,31.7,0,66,,2015-03-24
99-0775,"Terry Jeffords",Sergeant,1,S01E17,MURDER,BROOKLYN,"UNDER INVESTIGATION",16,86,26.4,118957,56,,2017-10-08
99-0776,"Michael Hitchcock",Sergeant,4,S04E04,FRAUD,BROOKLYN,ONGOING,31,15,45.7,NULL,35,"I am a human person",2017-09-10
99-0777,"Michael Hitchcock",Detective,6,S06E07,FRAUD,BRONX,"UNDER INVESTIGATION",35,81,39.2,NULL,49,"Get that bread",2016-06-12
99-0778,"Rosa Diaz",Detective,3,S03E10,ROBBERY,BROOKLYN,OPEN,42,35,74.1,93021,43,,2014-09-14
99-0779,"Charles Boyle",Detective,7,S07E15,STALKING,MANHATTAN,OPEN,47,8,52.1,84285,74,,2018-12-02
99-0781,"Raymond Holt",Captain,1,S01E11,MURDER,"STATEN  ISLAND",ONGOING,5,3,57.3,111410,64,,2015-09-28
99-0783,"Rosa Diaz",Detective,8,S08E09,ASSAULT,QUEENS,"COLD CASE",9,9,62.4,89454,32,,NULL
99-0784,"Raymond Holt",Captain,4,S04E12,"GRAND LARCENY",MANHATTAN,"COLD CASE",43,74,36.2,0,53,"Halloween Heist Champion",2019-03-29
99-0787,NULL,Detective,2,S02E09,"GRAND LARCENY",BROOKLYN,DISMISSED,23,35,40.1,99675,26,,2013-04-19
99-0788,"Terry Jeffords",Sergeant,1,S01E03,"GRAND LARCENY",QUEENS,CLOSED,7,9,21.8,NULL,17,,2016-02-03
99-0789,"Jake Peralta",Detective,8,S08E10,VANDALISM,"STATEN  ISLAND",CLOSED,38,96,51.5,NULL,59,,2018-05-17
99-0791,"Raymond Holt",Captain,6,S06E14,VANDALISM,BROOKLYN,"COLD CASE",28,40,31.6,79797,45,,2014-01-18
99-0792,"Amy Santiago",Detective,6,S06E09,FRAUD,BRONX,CLOSED,1,26,79.2,0,54,,2014-08-17
99-0793,"Michael Hitchcock",Sergeant,7,S07E17,"DRUG  POSSESSION",BROOKLYN,OPEN,34,7,51.3,92551,41,,2015-11-10
99-0795,NULL,Detective,3,S03E09,ASSAULT,BRONX,"IN PROGRESS",13,45,43.7,86446,32,,2021-02-27
99-0796,"Rosa Diaz",Detective,8,S08E21,FRAUD,BROOKLYN,DISMISSED,31,94,78.3,90025,69,"The squad has arrived",2013-12-10
99-0797,"Rosa Diaz",Detective,1,S01E18,VANDALISM,BROOKLYN,OPEN,24,2,20.2,116517,32,,2014-08-20
99-0798,"Rosa Diaz",Detective,4,S04E09,VANDALISM,QUEENS,CLOSED,50,43,48.3,63623,62,"Halloween Heist Champion",2019-09-08
99-0799,"Terry Jeffords",Sergeant,8,S08E09,"DRUG  POSSESSION",QUEENS,OPEN,21,26,35.7,105787,75,,2015-03-10
99-0800,"Rosa Diaz",Detective,2,S02E04,FRAUD,"STATEN  ISLAND",CLOSED,37,28,22.1,99105,66,"I am a human person",2014-02-23
99-0802,"Raymond Holt",Captain,2,S02E18,ROBBERY,QUEENS,"UNDER INVESTIGATION",37,13,61,NULL,55,Nine-Nine!,2014-06-17
99-0803,"Jake Peralta",Detective,1,S01E05,FRAUD,"STATEN  ISLAND","UNDER INVESTIGATION",47,94,54.9,NULL,21,,2021-04-02
99-0807,"Terry Jeffords",Sergeant,5,S05E02,ARSON,BROOKLYN,"UNDER INVESTIGATION",43,92,38.6,116545,71,,2018-05-19
99-0808,"Michael Hitchcock",Detective,3,S03E22,VANDALISM,BROOKLYN,DISMISSED,41,63,77.8,106525,67,"Halloween Heist Champion",2021-05-14
99-0810,"Jake Peralta",Detective,6,S06E11,FRAUD,BRONX,DISMISSED,24,68,30.9,88728,70,,2016-05-01
99-0811,"Gina Linetti",Administrator,8,S08E14,FRAUD,BRONX,"UNDER INVESTIGATION",47,56,20.6,67678,16,Bingpot!,2016-10-11
99-0812,"Amy Santiago",Detective,2,S02E12,VANDALISM,"STATEN  ISLAND","COLD CASE",19,17,35.8,103020,17,,2018-03-14
99-0815,NULL,Detective,1,S01E18,VANDALISM,BRONX,DISMISSED,12,56,46.5,95924,44,,2014-04-22
99-0816,"Rosa Diaz",Detective,5,S05E23,ARSON,BROOKLYN,DISMISSED,46,63,36.3,84828,17,Bingpot!,2018-11-29
99-0819,"Terry Jeffords",Sergeant,6,S06E02,MURDER,QUEENS,"COLD CASE",48,77,28.7,111181,56,,2021-08-26
99-0820,"Norm Scully",Detective,7,S07E09,"DRUG POSSESSION","STATEN  ISLAND",OPEN,38,35,66,96420,26,,2016-08-22
99-0821,"Rosa Diaz",Detective,4,S04E22,"DRUG POSESSION",QUEENS,"UNDER INVESTIGATION",22,76,35.2,107913,63,,2015-06-07
99-0824,"Norm Scully",Detective,5,S05E20,"GRAND LARCENY",BROOKLYN,"IN PROGRESS",9,26,25.4,72259,65,,2021-07-03
99-0825,"Raymond Holt",Captain,6,S06E13,ARSON,MANHATTAN,"UNDER INVESTIGATION",22,23,65.7,57672,30,,2013-11-13
99-0826,"Terry Jeffords",Sergeant,6,S06E08,"GRAND LARCENY",BROOKLYN,"IN PROGRESS",11,67,43.6,118164,23,"I am a human person",2015-11-10
99-0828,"Terry Jeffords",Sergeant,1,S01E22,"DRUG POSESSION",MANHATTAN,"COLD CASE",11,53,46.1,83840,31,"I am a human person",2013-10-21
99-0829,"Raymond Holt",Captain,4,S04E02,STALKING,MANHATTAN,CLOSED,38,82,69.9,NULL,69,,2020-12-25
99-0830,"Gina Linetti",Administrator,3,S03E13,"DRUG  POSSESSION",BROOKLYN,"UNDER INVESTIGATION",47,71,57.1,60836,58,,2019-09-19
99-0831,"Raymond Holt",Captain,3,S03E04,"GRAND LARCENY",BROOKLYN,CLOSED,29,5,21.7,91844,66,"Get that bread",2016-07-12
99-0832,"Raymond Holt",Captain,6,S06E17,VANDALISM,BRONX,OPEN,32,67,41.9,73905,69,,2014-10-23
99-0833,"Rosa Diaz",Detective,5,S05E21,FRAUD,MANHATTAN,OPEN,12,6,29.5,107104,20,,2020-07-18
99-0834,NULL,Detective,5,S05E10,MURDER,BROOKLYN,DISMISSED,45,27,57.3,NULL,24,,2016-02-28
99-0835,"Charles Boyle",Detective,6,S06E05,ASSAULT,BROOKLYN,CLOSED,9,24,42.2,NULL,42,,2014-11-28
99-0836,"Terry Jeffords",Sergeant,4,S04E21,ROBERRY,QUEENS,"COLD CASE",0,13,75,106375,44,,2013-02-27
99-0837,NULL,Detective,3,S03E02,"DRUG POSSESSION",BRONX,OPEN,0,92,58.6,NULL,65,,2018-03-29
99-0838,"Gina Linetti",Administrator,2,S02E20,FRAUD,BROOKLYN,DISMISSED,18,37,62.8,NULL,55,,2017-11-29
99-0839,"Norm Scully",Detective,8,S08E20,MURDER,BROOKLYN,"IN PROGRESS",21,2,45.4,79943,64,,2015-12-18
99-0840,"Raymond Holt",Captain,5,S05E03,FRAUD,"STATEN  ISLAND",CLOSED,11,64,34.5,NULL,17,,2016-08-15
99-0841,"Gina Linetti",Administrator,3,S03E04,MURDER,BRONX,CLOSED,7,64,22.1,NULL,35,,2017-02-14
99-0843,"Terry Jeffords",Sergeant,1,S01E10,VANDALISM,BROOKLYN,DISMISSED,30,7,36.7,82698,38,,2014-08-12
99-0844,"Terry Jeffords",Sergeant,5,S05E16,MURDER,BROOKLYN,"COLD CASE",41,15,51.2,84173,24,,2016-05-31
99-0846,"Norm Scully",Detective,7,S07E20,"DRUG POSESSION",QUEENS,DISMISSED,28,76,63.9,115436,32,"Cool cool cool cool cool",2020-04-20
99-0848,"Amy Santiago",Detective,6,S06E15,FRAUD,BROOKLYN,CLOSED,45,76,60.8,76863,60,,2014-02-23
99-0850,NULL,Detective,1,S01E08,FRAUD,BRONX,OPEN,20,51,78.8,91479,67,,2016-09-24
99-0851,"Michael Hitchcock",Administrator,4,S04E13,"DRUG  POSSESSION","STATEN  ISLAND",DISMISSED,9,64,77.3,NULL,28,,2017-05-30
99-0852,"Norm Scully",Detective,4,S04E23,STALKING,BRONX,ONGOING,11,40,56,55337,40,,2021-02-27
99-0853,NULL,Detective,1,S01E16,"DRUG POSSESSION",BROOKLYN,OPEN,10,88,56.3,73613,17,,2021-06-02
99-0854,"Charles Boyle",Detective,4,S04E13,MURDER,MANHATTAN,DISMISSED,42,34,64.8,NULL,35,,2016-11-14
99-0856,"Terry Jeffords",Sergeant,8,S08E18,FRAUD,"STATEN  ISLAND","COLD CASE",41,40,37.3,90723,59,,2021-09-22
99-0857,"Jake Peralta",Detective,3,S03E09,FRAUD,MANHATTAN,CLOSED,34,0,52.3,73361,48,Bingpot!,2013-10-03
99-0858,"Gina Linetti",Administrator,8,S08E06,ARSON,QUEENS,"COLD CASE",7,72,35.4,58924,34,,2016-07-14
99-0859,"Charles Boyle",Detective,2,S02E14,ARSON,BROOKLYN,DISMISSED,43,41,54.7,103236,68,,2021-10-17
99-0861,"Amy Santiago",Detective,5,S05E15,ARSON,BRONX,DISMISSED,13,77,21.4,64913,35,"The squad has arrived",2016-06-23
99-0863,"Jake Peralta",Detective,6,S06E07,FRAUD,BRONX,"COLD CASE",42,52,37.4,70362,44,,2014-07-29
99-0864,"Raymond Holt",Captain,4,S04E22,FRAUD,BRONX,CLOSED,25,61,78.3,NULL,32,,NULL
99-0865,"Gina Linetti",Administrator,1,S01E15,MURDER,BROOKLYN,DISMISSED,47,71,55.7,68007,68,,2020-01-24
99-0867,"Amy Santiago",Detective,8,S08E15,FRAUD,BROOKLYN,"UNDER INVESTIGATION",31,2,33,68743,52,,2017-02-24
99-0870,"Gina Linetti",Administrator,8,S08E07,STALKING,QUEENS,DISMISSED,35,61,79.6,NULL,71,,2021-11-19
99-0871,"Charles Boyle",Detective,5,S05E07,STALKING,QUEENS,CLOSED,48,59,59.7,NULL,62,"The squad has arrived",2013-09-05
99-0872,"Rosa Diaz",Detective,7,S07E07,VANDALISM,"STATEN  ISLAND",CLOSED,29,77,71.1,82428,46,,2015-04-29
99-0873,"Michael Hitchcock",Detective,7,S07E19,"GRAND LARCENY",MANHATTAN,"COLD CASE",1,43,33,NULL,61,,2019-11-28
99-0875,"Michael Hitchcock",NULL,1,S01E05,ASSAULT,"STATEN  ISLAND",DISMISSED,16,44,23.4,93221,21,"I want to go to there",NULL
99-0876,"Raymond Holt",Captain,8,S08E03,ROBBERY,"STATEN  ISLAND","IN PROGRESS",13,9,78.7,83979,34,,NULL
99-0877,"Michael Hitchcock",Detective,8,S08E23,"DRUG POSSESSION",QUEENS,DISMISSED,43,20,36.2,116249,68,,2015-01-08
99-0880,"Michael Hitchcock",Detective,8,S08E12,ASSAULT,MANHATTAN,OPEN,48,78,29,0,23,"The squad has arrived",2019-07-14
99-0882,NULL,Detective,4,S04E20,STALKING,BROOKLYN,"IN PROGRESS",5,32,60.2,88595,74,,2017-10-29
99-0884,"Terry Jeffords",Sergeant,3,S03E22,ROBBERY,BROOKLYN,DISMISSED,7,45,69.6,80906,65,,2020-10-04
99-0885,"Jake Peralta",Detective,3,S03E16,ROBERRY,"STATEN  ISLAND",OPEN,34,22,52.1,55496,35,,2021-12-08
99-0891,"Norm Scully",Detective,6,S06E18,FRAUD,MANHATTAN,CLOSED,42,48,76.4,66877,21,,2021-09-01
99-0892,"Charles Boyle",Detective,5,S05E12,VANDALISM,QUEENS,DISMISSED,3,85,51.1,96079,69,"The squad has arrived",2016-05-31
99-0894,"Jake Peralta",Detective,8,S08E03,"DRUG  POSSESSION",BROOKLYN,CLOSED,11,27,22.7,97550,29,"Get that bread",2017-11-18
99-0896,"Amy Santiago",Detective,4,S04E20,"DRUG POSESSION",QUEENS,DISMISSED,18,72,71.6,NULL,64,,2019-08-31
99-0897,NULL,Detective,2,S02E08,ROBERRY,"STATEN  ISLAND",OPEN,9,35,25.3,58108,57,,2017-10-15
99-0898,"Rosa Diaz",Detective,3,S03E08,VANDALISM,BROOKLYN,"COLD CASE",49,2,64.6,NULL,31,,2017-12-26
99-0899,"Rosa Diaz",Detective,3,S03E23,VANDALISM,MANHATTAN,"UNDER INVESTIGATION",48,64,39.4,119954,58,,NULL
99-0900,"Charles Boyle",Detective,1,S01E20,STALKING,BROOKLYN,CLOSED,15,35,58.6,NULL,51,,2013-09-25
99-0903,"Gina Linetti",Administrator,4,S04E21,BURGLARY,MANHATTAN,DISMISSED,31,22,74.5,NULL,25,,2018-05-09
99-0904,"Raymond Holt",Captain,4,S04E22,MURDER,QUEENS,DISMISSED,13,6,26.8,NULL,29,"Title of your sex tape",2017-07-08
99-0905,"Amy Santiago",Detective,5,S05E08,ARSON,QUEENS,DISMISSED,28,14,40.6,0,49,"The squad has arrived",2013-06-30
99-0906,"Gina Linetti",Administrator,8,S08E03,FRAUD,QUEENS,"COLD CASE",5,18,33.2,98415,44,,2016-07-03
99-0907,"Charles Boyle",Detective,8,S08E06,BURGLARY,BRONX,DISMISSED,6,58,67.9,84781,58,"I want to go to there",2019-09-17
99-0908,"Terry Jeffords",Sergeant,2,S02E19,STALKING,BROOKLYN,"COLD CASE",48,9,20.1,64622,27,"Get that bread",2013-02-17
99-0909,"Amy Santiago",Detective,3,S03E03,MURDER,BRONX,DISMISSED,9,69,22.5,111853,44,,2019-07-28
99-0910,"Michael Hitchcock",NULL,4,S04E02,VANDALISM,"STATEN  ISLAND",CLOSED,18,31,33.1,NULL,28,,2020-08-24
99-0911,"Michael Hitchcock",Detective,8,S08E02,VANDALISME,MANHATTAN,"UNDER INVESTIGATION",19,21,31.8,88526,27,"Halloween Heist Champion",2014-07-14
99-0912,"Amy Santiago",Detective,6,S06E11,BURGLARY,BRONX,CLOSED,19,33,51.5,95673,24,,2014-11-30
99-0913,"Terry Jeffords",Sergeant,8,S08E07,"DRUG POSSESSION",BRONX,CLOSED,46,86,59.3,69902,60,,2016-11-08
99-0914,"Amy Santiago",Detective,8,S08E02,"GRAND LARCENY",BRONX,ONGOING,5,57,50.8,NULL,74,"I am a human person",2014-09-03
99-0917,"Terry Jeffords",Sergeant,8,S08E04,"DRUG POSSESSION",MANHATTAN,CLOSED,37,77,67.2,100634,68,,2014-05-30
99-0919,"Terry Jeffords",Sergeant,4,S04E06,BURGLARY,BRONX,"COLD CASE",9,5,68.8,116520,55,"Get that bread",2017-01-26
99-0920,"Charles Boyle",Detective,3,S03E20,BURGLARY,BRONX,CLOSED,34,78,38.7,103911,30,,2015-10-30
99-0922,"Jake Peralta",Detective,7,S07E06,"GRAND LARCENY",BRONX,CLOSED,50,98,69.5,0,26,,2019-01-24
99-0923,"Raymond Holt",Captain,7,S07E22,MURDER,BROOKLYN,"UNDER INVESTIGATION",22,48,23.3,NULL,33,,2014-10-18
99-0926,NULL,Detective,1,S01E23,"GRAND LARCENY",MANHATTAN,"UNDER INVESTIGATION",15,32,47.9,67570,31,"Get that bread",2016-07-20
99-0927,"Michael Hitchcock",Detective,8,S08E18,"DRUG POSSESSION",BROOKLYN,"COLD CASE",28,81,40.2,0,35,,2019-05-26
99-0928,NULL,Detective,5,S05E12,"DRUG POSESSION","STATEN  ISLAND",DISMISSED,41,53,58.6,0,72,,2017-03-21
99-0929,"Terry Jeffords",Sergeant,8,S08E06,BURGLERY,QUEENS,"COLD CASE",10,37,25.6,119240,27,"Cool cool cool cool cool",2016-11-23
99-0930,"Rosa Diaz",Detective,2,S02E18,FRAUD,BRONX,DISMISSED,36,91,33.1,112291,67,,2020-08-08
99-0931,"Norm Scully",Detective,8,S08E04,BURGLARY,BROOKLYN,"COLD CASE",15,89,73.8,86620,53,"Title of your sex tape",2018-04-18
99-0933,"Raymond Holt",Captain,5,S05E19,FRAUD,BROOKLYN,DISMISSED,15,53,36.3,64601,39,,2020-07-06
99-0935,"Jake Peralta",Detective,8,S08E05,VANDALISM,BROOKLYN,CLOSED,18,9,44.6,83323,48,"The squad has arrived",2017-07-16
99-0936,"Terry Jeffords",Sergeant,7,S07E18,"GRAND LARCENY",BRONX,"IN PROGRESS",17,42,23.8,68744,17,,NULL
99-0937,NULL,NULL,1,S01E09,"DRUG POSSESSION",BRONX,CLOSED,38,3,34.8,0,58,"I want to go to there",2014-07-09
99-0938,"Raymond Holt",Captain,4,S04E15,VANDALISM,BRONX,"UNDER INVESTIGATION",33,26,36.9,NULL,43,,2019-04-21
99-0939,"Amy Santiago",Detective,6,S06E22,"GRAND LARCENY",BRONX,CLOSED,12,58,60.7,77603,23,,NULL
99-0940,"Raymond Holt",Captain,8,S08E10,ROBBERY,"STATEN  ISLAND",DISMISSED,2,74,22.5,NULL,74,Bingpot!,2019-04-16
99-0941,"Gina Linetti",Administrator,6,S06E20,STALKING,BROOKLYN,DISMISSED,44,81,34.3,98403,71,"Title of your sex tape",2019-10-07
99-0943,"Jake Peralta",Detective,4,S04E15,ROBBERY,BROOKLYN,OPEN,10,36,56,NULL,56,,2017-04-06
99-0944,"Terry Jeffords",Sergeant,5,S05E10,"GRAND LARCENY",BRONX,DISMISSED,10,21,42.4,61408,61,Noice,2015-02-22
99-0945,NULL,Detective,1,S01E01,BURGLARY,BRONX,"COLD CASE",39,2,37.5,58755,32,,2021-08-10
99-0946,"Rosa Diaz",Detective,2,S02E07,ROBERRY,"STATEN  ISLAND","IN PROGRESS",48,4,35,115233,30,Nine-Nine!,2013-12-29
99-0947,NULL,NULL,5,S05E22,"GRAND LARCENY","STATEN  ISLAND","UNDER INVESTIGATION",38,40,64.9,61165,73,,2020-12-06
99-0949,"Terry Jeffords",Sergeant,3,S03E05,"GRAND LARCENY",QUEENS,OPEN,14,8,70.5,113655,62,Nine-Nine!,2016-10-25
99-0950,"Jake Peralta",Detective,5,S05E09,ARSON,MANHATTAN,"COLD CASE",32,6,22.3,NULL,34,,2021-01-23
99-0952,"Raymond Holt",Captain,8,S08E06,"DRUG POSSESSION","STATEN  ISLAND","COLD CASE",41,97,54.5,119170,73,"Get that bread",2018-07-11
99-0954,NULL,Detective,7,S07E22,"DRUG POSSESSION",BRONX,ONGOING,38,73,31.5,NULL,41,,NULL
99-0955,"Jake Peralta",Detective,1,S01E03,"GRAND LARCENY","STATEN  ISLAND",CLOSED,10,54,60,58318,30,"Cool cool cool cool cool",2015-06-21
99-0957,"Amy Santiago",Detective,8,S08E07,ARSON,MANHATTAN,CLOSED,18,13,70.8,98680,53,,2019-05-27
99-0958,"Norm Scully",Detective,7,S07E18,ARSON,MANHATTAN,"UNDER INVESTIGATION",6,81,46.9,82004,30,,2015-09-21
99-0959,"Gina Linetti",Administrator,4,S04E10,VANDALISM,QUEENS,OPEN,7,55,47,93462,61,,2021-06-02
99-0960,"Norm Scully",Detective,1,S01E22,VANDALISM,BRONX,"COLD CASE",20,65,77.2,57046,46,,2016-04-07
99-0961,NULL,Detective,8,S08E01,FRAUD,QUEENS,"COLD CASE",43,11,30.7,92452,23,,2017-09-07
99-0962,"Rosa Diaz",Detective,6,S06E07,"GRAND LARCENY",MANHATTAN,CLOSED,19,87,67.5,56067,15,,NULL
99-0963,"Rosa Diaz",Detective,7,S07E04,"DRUG POSSESSION",BRONX,DISMISSED,21,97,51.4,87684,19,,2013-09-09
99-0965,"Terry Jeffords",Sergeant,2,S02E09,MURDER,BRONX,ONGOING,40,61,20.4,112033,32,,2015-09-26
99-0966,"Gina Linetti",Administrator,3,S03E06,"DRUG  POSSESSION",MANHATTAN,"COLD CASE",6,18,75.2,67084,18,"The squad has arrived",2013-01-22
99-0967,NULL,Detective,6,S06E20,MURDER,"STATEN  ISLAND",DISMISSED,14,56,49.5,NULL,75,,2014-04-15
99-0969,"Raymond Holt",Captain,2,S02E09,ROBBERY,MANHATTAN,"UNDER INVESTIGATION",12,42,38.2,NULL,44,"Title of your sex tape",2017-08-29
99-0970,"Raymond Holt",Captain,3,S03E17,"DRUG POSSESSION","STATEN  ISLAND",CLOSED,41,37,32.8,NULL,44,,2014-04-28
99-0971,"Charles Boyle",Detective,8,S08E02,VANDALISM,MANHATTAN,"COLD CASE",17,27,28.1,85161,74,"I want to go to there",2016-07-18
99-0973,"Amy Santiago",Detective,7,S07E01,"DRUG POSSESSION",MANHATTAN,DISMISSED,22,66,48.6,NULL,28,"Get that bread",2013-11-01
99-0975,"Terry Jeffords",Sergeant,3,S03E16,BURGLARY,MANHATTAN,"COLD CASE",43,11,47.7,NULL,61,"Cool cool cool cool cool",2021-01-31
99-0976,"Terry Jeffords",Sergeant,8,S08E10,VANDALISM,"STATEN  ISLAND","COLD CASE",39,79,72.8,NULL,45,,2013-02-04
99-0977,"Jake Peralta",Detective,1,S01E05,BURGLARY,QUEENS,"COLD CASE",34,17,45.6,94482,29,,2016-11-05
99-0979,"Rosa Diaz",Detective,7,S07E09,ASSAULT,"STATEN  ISLAND","COLD CASE",45,78,47.9,NULL,55,,2019-08-15
99-0980,"Norm Scully",Detective,3,S03E16,STALKING,BRONX,"COLD CASE",33,77,59.5,NULL,57,,2015-10-13
99-0981,"Michael Hitchcock",Detective,7,S07E12,ROBBERY,BROOKLYN,ONGOING,49,88,68.6,0,18,,2021-07-15
99-0983,"Rosa Diaz",Detective,5,S05E07,ARSON,"STATEN  ISLAND","COLD CASE",22,69,53.4,NULL,52,,2019-06-14
99-0984,"Terry Jeffords",Sergeant,8,S08E21,MURDER,MANHATTAN,CLOSED,39,79,51.7,NULL,22,,2019-02-12
99-0985,"Jake Peralta",Detective,7,S07E08,"GRAND LARCENY",BRONX,CLOSED,35,96,34.6,107934,54,"Get that bread",2020-09-12
99-0986,"Raymond Holt",Captain,1,S01E18,"DRUG POSSESSION",BROOKLYN,CLOSED,15,16,33.5,NULL,48,"I want to go to there",2014-01-25
99-0987,"Jake Peralta",Detective,7,S07E19,"DRUG POSSESSION",MANHATTAN,OPEN,4,92,77.9,80629,55,,2016-11-17
99-0988,"Michael Hitchcock",Sergeant,8,S08E19,VANDALISM,MANHATTAN,"COLD CASE",50,13,78.9,118575,36,,2016-01-05
99-0990,"Michael Hitchcock",Detective,5,S05E18,ASSAULT,QUEENS,"COLD CASE",45,85,76.1,70023,44,"I am a human person",2017-03-23
99-0991,"Norm Scully",Detective,3,S03E02,VANDALISM,"STATEN  ISLAND",DISMISSED,12,54,42.7,108183,32,,2020-11-23
99-0992,"Norm Scully",Detective,5,S05E07,"DRUG  POSSESSION",MANHATTAN,DISMISSED,6,52,72.1,118013,17,Noice,2013-06-02
99-0993,"Raymond Holt",Captain,1,S01E11,MURDER,BRONX,CLOSED,15,10,65,81697,64,"I want to go to there",2016-04-14
99-0994,"Terry Jeffords",Sergeant,4,S04E16,BURGLERY,MANHATTAN,"COLD CASE",37,82,64.9,NULL,42,,NULL
99-0997,"Terry Jeffords",Sergeant,8,S08E22,BURGLARY,QUEENS,"COLD CASE",49,9,23.4,70888,23,"Halloween Heist Champion",2017-12-15
99-0999,"Rosa Diaz",Detective,8,S08E16,FRAUD,MANHATTAN,OPEN,15,23,69.8,85241,32,,2019-04-29
99-1000,NULL,Detective,8,S08E02,ASSAULT,QUEENS,OPEN,15,49,51,NULL,16,,2019-03-29
99-1002,"Terry Jeffords",Sergeant,6,S06E23,ROBERRY,BROOKLYN,CLOSED,30,78,65.1,61079,28,,2013-06-14
99-1003,"Rosa Diaz",Detective,5,S05E01,MURDER,BROOKLYN,"COLD CASE",38,19,41.7,56350,25,,2021-05-27
99-1004,"Raymond Holt",Captain,1,S01E02,ASSAULT,"STATEN  ISLAND",CLOSED,27,94,44.2,108612,50,,2019-08-27
99-1005,"Terry Jeffords",Sergeant,8,S08E12,"DRUG POSESSION",BRONX,"COLD CASE",43,99,24.2,NULL,37,,2020-09-07
99-1007,"Terry Jeffords",Sergeant,7,S07E21,BURGLARY,MANHATTAN,"COLD CASE",42,42,62.5,61492,38,,2015-03-02
99-1008,NULL,Detective,6,S06E11,ARSON,BRONX,"COLD CASE",50,4,44.2,106705,36,,2016-01-26
99-1009,"Terry Jeffords",Sergeant,5,S05E07,"GRAND LARCENY","STATEN  ISLAND",DISMISSED,32,6,33.8,89676,74,,2013-08-09
99-1010,"Michael Hitchcock",Sergeant,5,S05E22,MURDER,MANHATTAN,DISMISSED,49,53,70.4,95751,59,,2015-07-19
99-1011,"Terry Jeffords",Sergeant,2,S02E15,BURGLARY,"STATEN  ISLAND",CLOSED,16,1,47.1,110377,57,,2019-05-18
99-1013,"Amy Santiago",Detective,8,S08E04,FRAUD,BROOKLYN,"COLD CASE",4,47,79.2,0,65,,2017-01-30
99-1015,"Norm Scully",Detective,4,S04E10,BURGLARY,MANHATTAN,DISMISSED,14,53,69,NULL,39,"I am a human person",2017-09-12
99-1018,NULL,Detective,6,S06E10,ROBERRY,MANHATTAN,"UNDER INVESTIGATION",43,37,35.3,75911,61,,2020-03-12
99-1022,"Gina Linetti",Administrator,5,S05E09,FRAUD,QUEENS,"UNDER INVESTIGATION",43,64,60,NULL,57,,2020-11-05
99-1023,"Norm Scully",Detective,8,S08E17,VANDALISM,MANHATTAN,DISMISSED,48,77,22.3,55562,36,"I want to go to there",2016-11-13
99-1024,NULL,Detective,4,S04E11,ASSAULT,QUEENS,OPEN,13,75,52.6,57342,38,,2014-04-30
99-1025,NULL,Detective,3,S03E03,VANDALISM,MANHATTAN,"UNDER INVESTIGATION",22,86,73.8,59932,44,,2017-01-30
99-1027,"Norm Scully",Detective,1,S01E06,BURGLARY,MANHATTAN,"COLD CASE",41,7,68.4,112087,16,,2021-01-18
99-1028,"Norm Scully",Detective,3,S03E14,ARSON,"STATEN  ISLAND",OPEN,48,48,43,64495,35,,2017-12-26
99-1029,NULL,Detective,8,S08E15,ASSAULT,"STATEN  ISLAND","COLD CASE",15,62,71.5,104618,45,,NULL
99-1030,"Michael Hitchcock",Administrator,6,S06E21,FRAUD,MANHATTAN,ONGOING,32,7,28.8,NULL,26,,2015-07-11
99-1031,"Norm Scully",Detective,8,S08E05,"GRAND LARCENY","STATEN  ISLAND",DISMISSED,39,37,56.4,0,18,,2013-07-16
99-1035,"Amy Santiago",Detective,7,S07E13,ARSON,"STATEN  ISLAND","COLD CASE",38,7,65.8,110888,56,,2017-05-27
99-1036,"Raymond Holt",Captain,4,S04E22,STALKING,"STATEN  ISLAND","COLD CASE",31,35,66.4,96327,15,"The squad has arrived",2013-11-14
99-1037,NULL,Detective,4,S04E20,ASSAULT,"STATEN  ISLAND",CLOSED,36,60,62.6,0,50,Noice,NULL
99-1038,"Charles Boyle",Detective,3,S03E13,"GRAND LARCENY",BROOKLYN,CLOSED,38,34,63.8,NULL,20,"I want to go to there",2017-01-29
99-1040,NULL,Detective,2,S02E11,BURGLARY,BRONX,"COLD CASE",5,84,58.8,92155,62,,2017-08-18
99-1041,"Jake Peralta",Detective,5,S05E09,FRAUD,"STATEN  ISLAND","COLD CASE",17,3,51.4,64580,28,,2015-10-26
99-1043,"Charles Boyle",Detective,2,S02E13,MURDER,"STATEN  ISLAND",CLOSED,31,70,40.9,67416,38,Bingpot!,NULL
99-1046,"Charles Boyle",Detective,4,S04E10,ASSAULT,QUEENS,DISMISSED,21,45,37.7,NULL,36,"The squad has arrived",2014-08-15
99-1047,"Gina Linetti",Administrator,2,S02E07,FRAUD,"STATEN  ISLAND",CLOSED,47,5,33.2,112016,26,,2014-09-09
99-1048,"Raymond Holt",Captain,4,S04E15,"GRAND LARCENY","STATEN  ISLAND",CLOSED,13,11,33.4,96836,41,,NULL
99-1050,"Michael Hitchcock",Detective,3,S03E15,"DRUG POSSESSION",BROOKLYN,"UNDER INVESTIGATION",37,80,41.3,56672,58,"Halloween Heist Champion",2017-02-24
99-1051,"Charles Boyle",Detective,5,S05E17,MURDER,MANHATTAN,OPEN,50,80,41.4,103663,22,,2016-10-31
99-1052,"Norm Scully",Detective,7,S07E22,ASSAULT,QUEENS,OPEN,2,51,79.8,84164,32,,2013-08-23
99-1053,"Norm Scully",Detective,5,S05E12,"DRUG POSSESSION","STATEN  ISLAND",DISMISSED,28,82,79.9,118981,63,,NULL
99-1054,"Gina Linetti",Administrator,7,S07E14,FRAUD,BRONX,DISMISSED,18,10,48,64325,27,"I want to go to there",2020-04-06
99-1055,"Rosa Diaz",Detective,3,S03E03,BURGLERY,BROOKLYN,"COLD CASE",17,85,67.6,NULL,49,,2021-03-24
99-1056,"Rosa Diaz",Detective,5,S05E09,STALKING,BROOKLYN,"UNDER INVESTIGATION",26,11,20.5,74228,33,,2016-06-02
99-1057,"Raymond Holt",Captain,2,S02E05,ROBBERY,QUEENS,DISMISSED,41,6,71,NULL,67,,2015-02-28
99-1058,"Gina Linetti",Administrator,4,S04E04,BURGLARY,MANHATTAN,DISMISSED,48,60,79.7,55734,43,,2019-03-15
99-1059,"Gina Linetti",Administrator,7,S07E15,STALKING,MANHATTAN,"COLD CASE",49,70,50.3,97444,72,,2014-07-19
99-1061,"Charles Boyle",Detective,5,S05E05,FRAUD,MANHATTAN,CLOSED,6,29,66.7,109413,46,"I want to go to there",2015-07-26
99-1062,"Michael Hitchcock",Detective,1,S01E10,STALKING,"STATEN  ISLAND",DISMISSED,40,45,44.5,63793,61,Noice,2013-05-30
99-1066,"Norm Scully",Detective,1,S01E08,STALKING,"STATEN  ISLAND",CLOSED,13,47,40.6,88317,66,,2018-12-25
99-1068,"Raymond Holt",Captain,2,S02E23,"GRAND LARCENY",BRONX,"UNDER INVESTIGATION",43,63,31.9,87230,40,,2015-01-22
99-1069,"Charles Boyle",Detective,2,S02E11,STALKING,BROOKLYN,"COLD CASE",38,30,66.8,0,19,,2019-02-20
99-1070,"Michael Hitchcock",Detective,6,S06E23,BURGLARY,MANHATTAN,DISMISSED,26,90,35.6,NULL,41,,2018-07-18
99-1071,"Gina Linetti",Administrator,1,S01E08,STALKING,QUEENS,DISMISSED,29,80,34.5,82903,48,Noice,2016-04-18
99-1073,"Charles Boyle",Detective,6,S06E20,MURDER,QUEENS,CLOSED,1,14,41.6,84236,20,,2013-01-16
99-1074,"Terry Jeffords",Sergeant,2,S02E11,"GRAND LARCENY",QUEENS,DISMISSED,38,32,45.6,67431,62,"Title of your sex tape",2013-05-31
99-1076,"Terry Jeffords",Sergeant,1,S01E19,"DRUG POSESSION",BROOKLYN,ONGOING,21,46,78.1,NULL,39,"I want to go to there",2015-01-24
99-1077,NULL,Detective,5,S05E11,"DRUG POSSESSION",BROOKLYN,CLOSED,11,80,56,118262,57,,2015-02-07
99-1081,NULL,Detective,5,S05E14,VANDALISM,QUEENS,OPEN,31,25,68.8,103452,69,,2015-08-11
99-1082,NULL,Detective,6,S06E17,ASSAULT,QUEENS,CLOSED,1,73,78.9,117290,24,,2013-07-16
99-1083,NULL,Detective,3,S03E04,"GRAND LARCENY",MANHATTAN,DISMISSED,48,69,60.9,94806,18,Bingpot!,2015-10-15
99-1087,"Charles Boyle",Detective,3,S03E23,"DRUG  POSSESSION","STATEN  ISLAND","UNDER INVESTIGATION",9,48,46.4,115533,70,"Get that bread",2018-11-09
99-1088,"Terry Jeffords",Sergeant,1,S01E21,FRAUD,"STATEN  ISLAND",OPEN,46,56,69.9,118328,68,,2017-10-24
99-1089,"Terry Jeffords",Sergeant,4,S04E09,ARSON,"STATEN  ISLAND",DISMISSED,27,4,70.3,91749,36,,NULL
99-1092,NULL,NULL,1,S01E16,BURGLARY,BROOKLYN,"IN PROGRESS",36,59,51.4,0,75,"I want to go to there",NULL
99-1094,"Gina Linetti",Administrator,2,S02E14,MURDER,BROOKLYN,"COLD CASE",23,81,48.8,67700,32,"Title of your sex tape",2019-04-08
99-1096,"Michael Hitchcock",Sergeant,2,S02E20,"DRUG POSSESSION","STATEN  ISLAND",OPEN,1,35,29.7,116690,67,,NULL
99-1098,"Raymond Holt",Captain,3,S03E07,STALKING,MANHATTAN,ONGOING,48,85,40.1,56958,21,,2014-06-20
99-1099,"Charles Boyle",Detective,4,S04E06,ARSON,QUEENS,OPEN,40,92,73.3,116589,55,,2015-08-19
99-1100,"Michael Hitchcock",Sergeant,6,S06E15,ASSAULT,"STATEN  ISLAND","IN PROGRESS",7,26,76.1,99258,54,,2019-12-23
99-1101,"Charles Boyle",Detective,7,S07E02,ARSON,MANHATTAN,DISMISSED,11,29,49,77853,71,,NULL
99-1102,"Gina Linetti",Administrator,1,S01E16,ROBERRY,BRONX,OPEN,18,4,77.1,58057,56,,2018-12-12
99-1103,NULL,Detective,8,S08E09,MURDER,MANHATTAN,"COLD CASE",14,22,55,0,21,,NULL
99-1104,"Terry Jeffords",Sergeant,3,S03E08,VANDALISM,BRONX,DISMISSED,40,68,76.1,NULL,48,"I want to go to there",2019-02-20
99-1105,"Raymond Holt",Captain,3,S03E14,"GRAND LARCENY",BROOKLYN,"COLD CASE",41,75,75.3,65434,37,,2016-07-15
99-1106,"Rosa Diaz",Detective,4,S04E07,ARSON,MANHATTAN,DISMISSED,7,94,78.5,97816,28,,2013-11-23
99-1107,"Rosa Diaz",Detective,3,S03E14,MURDER,MANHATTAN,DISMISSED,6,37,69.4,NULL,26,,2021-11-18
99-1108,NULL,Detective,2,S02E14,MURDER,MANHATTAN,DISMISSED,43,36,75.8,NULL,31,,2013-07-04
99-1109,"Rosa Diaz",Detective,4,S04E07,BURGLARY,BRONX,DISMISSED,27,10,69.1,70442,55,,NULL
99-1110,"Charles Boyle",Detective,3,S03E13,FRAUD,QUEENS,"COLD CASE",36,3,28.6,69017,48,,NULL
99-1111,"Gina Linetti",Administrator,3,S03E05,ROBBERY,BRONX,"COLD CASE",21,28,63.4,57803,72,Nine-Nine!,2013-12-30
99-1112,"Jake Peralta",Detective,5,S05E17,ROBBERY,BROOKLYN,"UNDER INVESTIGATION",44,10,29.3,109615,62,,2020-10-22
99-1113,"Terry Jeffords",Sergeant,7,S07E09,ROBBERY,QUEENS,DISMISSED,42,73,68.4,71161,50,,NULL
99-1115,"Raymond Holt",Captain,5,S05E07,VANDALISM,BROOKLYN,OPEN,7,1,30.6,0,38,"Cool cool cool cool cool",2021-03-15
99-1116,"Gina Linetti",Administrator,6,S06E02,FRAUD,"STATEN  ISLAND","COLD CASE",28,13,27.9,112464,48,,NULL
99-1117,"Amy Santiago",Detective,1,S01E07,ARSON,BROOKLYN,OPEN,0,98,24,96127,51,,2016-11-07
99-1118,"Michael Hitchcock",Detective,5,S05E20,VANDALISME,MANHATTAN,DISMISSED,4,94,21.3,NULL,45,,2019-11-01
99-1119,NULL,Detective,8,S08E06,ROBBERY,"STATEN  ISLAND",OPEN,38,11,63.4,71046,42,,2017-11-08
99-1120,"Jake Peralta",Detective,8,S08E22,ROBBERY,BRONX,OPEN,4,15,65.7,64301,73,,2017-01-23
99-1121,"Terry Jeffords",Sergeant,4,S04E07,"GRAND LARCENY",MANHATTAN,"UNDER INVESTIGATION",43,81,34.4,NULL,70,"Cool cool cool cool cool",2018-06-06
99-1122,NULL,Detective,5,S05E07,BURGLARY,MANHATTAN,DISMISSED,13,65,31.4,90513,71,,2014-11-28
99-1124,NULL,Detective,3,S03E13,"DRUG POSSESSION",BRONX,CLOSED,26,14,58.2,0,67,,2020-04-19
99-1125,"Terry Jeffords",Sergeant,1,S01E20,STALKING,MANHATTAN,CLOSED,38,12,56.2,73427,74,,2020-06-21
99-1126,"Norm Scully",Detective,7,S07E05,MURDER,QUEENS,"UNDER INVESTIGATION",42,83,57.1,63100,16,"I want to go to there",2021-03-14
99-1128,"Norm Scully",Detective,2,S02E05,VANDALISM,QUEENS,CLOSED,46,89,67.7,63617,45,"Cool cool cool cool cool",2021-11-30
99-1133,"Norm Scully",Detective,7,S07E08,"DRUG POSSESSION",BROOKLYN,DISMISSED,24,76,33.6,0,55,,2013-06-20
99-1134,"Amy Santiago",Detective,8,S08E20,ROBBERY,"STATEN  ISLAND","UNDER INVESTIGATION",46,12,67.6,NULL,59,,2013-12-19
99-1135,"Norm Scully",Detective,6,S06E08,MURDER,MANHATTAN,DISMISSED,3,6,59.3,NULL,26,,2013-05-20
99-1136,"Gina Linetti",Administrator,1,S01E02,ASSAULT,BROOKLYN,OPEN,2,4,51.2,117608,37,"Cool cool cool cool cool",2015-03-29
99-1137,"Rosa Diaz",Detective,8,S08E10,STALKING,"STATEN  ISLAND",DISMISSED,32,54,21.1,61604,54,"Get that bread",2014-10-08
99-1138,"Norm Scully",Detective,4,S04E13,"GRAND LARCENY",BROOKLYN,DISMISSED,22,8,54.9,67282,27,"Halloween Heist Champion",2021-10-13
99-1139,"Charles Boyle",Detective,1,S01E09,MURDER,BRONX,DISMISSED,22,50,62.5,75470,20,,2021-07-15
99-1140,"Gina Linetti",Administrator,7,S07E12,BURGLARY,BRONX,CLOSED,22,50,46.6,79803,28,Nine-Nine!,2019-01-18
99-1142,"Terry Jeffords",Sergeant,3,S03E16,"GRAND LARCENY",QUEENS,CLOSED,18,5,52.7,104368,55,,2019-10-04
99-1143,"Raymond Holt",Captain,6,S06E12,BURGLERY,MANHATTAN,"COLD CASE",36,89,65.9,NULL,21,"I am a human person",2019-04-13
99-1144,"Raymond Holt",Captain,1,S01E11,"GRAND LARCENY",BROOKLYN,"IN PROGRESS",18,20,74.9,101241,74,"The squad has arrived",2021-04-17
99-1145,NULL,Detective,4,S04E07,MURDER,BROOKLYN,ONGOING,48,5,31.7,NULL,22,,2015-04-28
99-1146,"Rosa Diaz",Detective,6,S06E21,ROBBERY,MANHATTAN,"COLD CASE",39,2,55.1,56314,43,"Get that bread",2018-10-20
99-1148,"Amy Santiago",Detective,5,S05E17,FRAUD,QUEENS,DISMISSED,45,92,32.2,81947,46,,2017-08-10
99-1149,"Jake Peralta",Detective,4,S04E05,STALKING,BROOKLYN,DISMISSED,44,23,47.1,73931,64,Noice,2019-07-30
99-1151,"Michael Hitchcock",Detective,5,S05E09,BURGLARY,BRONX,OPEN,36,28,35.5,76806,18,"I want to go to there",2020-04-16
99-1153,"Charles Boyle",Detective,7,S07E10,FRAUD,MANHATTAN,ONGOING,21,50,48.4,67728,28,,NULL
99-1155,"Terry Jeffords",Sergeant,3,S03E07,STALKING,BRONX,CLOSED,10,16,36.5,97121,18,"I am a human person",NULL
99-1156,"Michael Hitchcock",Detective,8,S08E18,BURGLARY,BROOKLYN,"COLD CASE",1,90,24.9,83611,22,"I am a human person",2018-06-08
99-1157,"Gina Linetti",Administrator,3,S03E18,MURDER,BRONX,ONGOING,2,51,79.1,106407,34,,2018-08-06
99-1158,"Terry Jeffords",Sergeant,3,S03E15,STALKING,"STATEN  ISLAND","IN PROGRESS",18,26,37.1,111384,74,,2015-08-19
99-1159,"Charles Boyle",Detective,4,S04E04,VANDALISM,QUEENS,"COLD CASE",45,44,48.4,91283,75,,2016-03-31
99-1160,"Raymond Holt",Captain,1,S01E10,FRAUD,MANHATTAN,"UNDER INVESTIGATION",47,23,54.6,69201,59,,2016-03-04
99-1161,"Rosa Diaz",Detective,2,S02E13,ROBBERY,MANHATTAN,CLOSED,16,40,63.2,57309,36,Noice,2018-02-13
99-1165,"Charles Boyle",Detective,2,S02E19,"GRAND LARCENY",BRONX,CLOSED,11,8,78,118520,54,"Cool cool cool cool cool",2021-06-30
99-1166,"Raymond Holt",Captain,7,S07E06,"GRAND LARCENY",MANHATTAN,CLOSED,16,86,58.3,98901,70,,2014-06-15
99-1169,"Norm Scully",Detective,2,S02E09,BURGLARY,BRONX,"UNDER INVESTIGATION",9,72,43.8,73816,33,,2014-08-01
99-1170,"Michael Hitchcock",Sergeant,2,S02E02,BURGLARY,BRONX,OPEN,48,34,60.6,98676,31,"Title of your sex tape",2017-10-20
99-1171,"Raymond Holt",Captain,8,S08E01,MURDER,BRONX,OPEN,28,33,33.4,63631,74,,2015-11-26
99-1172,"Raymond Holt",Captain,2,S02E20,MURDER,BRONX,CLOSED,34,3,75.4,97542,66,,2014-03-01
99-1174,"Amy Santiago",Detective,7,S07E09,STALKING,BRONX,"UNDER INVESTIGATION",1,93,45.6,NULL,54,Bingpot!,2021-07-06
99-1175,"Terry Jeffords",Sergeant,5,S05E18,ROBBERY,"STATEN  ISLAND",DISMISSED,33,92,61.3,64888,35,,NULL
99-1176,NULL,Detective,3,S03E12,MURDER,QUEENS,OPEN,33,31,47,NULL,60,,2013-12-12
99-1178,"Norm Scully",Detective,2,S02E05,STALKING,BRONX,OPEN,1,69,66.8,NULL,74,,2019-10-02
99-1180,"Rosa Diaz",Detective,7,S07E03,VANDALISM,"STATEN  ISLAND",ONGOING,4,35,78.9,101734,15,Noice,2018-03-08
99-1181,"Gina Linetti",Administrator,7,S07E18,STALKING,"STATEN  ISLAND",CLOSED,7,32,52.4,115098,53,Noice,2015-02-19
99-1183,"Jake Peralta",Detective,1,S01E22,STALKING,MANHATTAN,OPEN,1,7,31.8,100265,75,,2014-07-03
99-1186,"Amy Santiago",Detective,3,S03E01,VANDALISM,QUEENS,"UNDER INVESTIGATION",27,29,72.9,58910,75,,2019-10-09
99-1187,"Charles Boyle",Detective,3,S03E16,STALKING,MANHATTAN,DISMISSED,6,81,47.4,NULL,69,Bingpot!,2014-10-24
99-1191,"Charles Boyle",Detective,5,S05E23,MURDER,MANHATTAN,OPEN,35,2,26.4,108049,69,,2019-06-24
99-1192,"Terry Jeffords",Sergeant,4,S04E16,ASSAULT,QUEENS,"COLD CASE",43,100,65.9,99771,19,Nine-Nine!,2013-09-04
99-1193,"Gina Linetti",Administrator,3,S03E09,VANDALISME,QUEENS,CLOSED,16,78,78.4,61091,31,,2013-02-01
99-1195,"Amy Santiago",Detective,3,S03E21,MURDER,MANHATTAN,DISMISSED,43,43,74,NULL,70,,2019-07-08
99-1196,"Gina Linetti",Administrator,5,S05E16,MURDER,QUEENS,"IN PROGRESS",20,68,66,NULL,67,Nine-Nine!,2013-07-07
99-1199,"Michael Hitchcock",Detective,2,S02E08,ASSAULT,BROOKLYN,"COLD CASE",26,39,78.6,64177,25,,2017-02-22
99-1201,NULL,Detective,8,S08E22,BURGLERY,MANHATTAN,DISMISSED,22,35,26.3,116219,31,"I want to go to there",2018-06-09
99-1203,"Michael Hitchcock",Sergeant,5,S05E04,VANDALISM,MANHATTAN,CLOSED,50,76,71.8,NULL,27,,2020-12-18
99-1206,"Charles Boyle",Detective,6,S06E16,MURDER,BROOKLYN,"COLD CASE",16,63,44.2,95704,48,,2020-06-28
99-1210,"Michael Hitchcock",Sergeant,4,S04E07,ASSAULT,"STATEN  ISLAND",CLOSED,35,72,28.1,63204,56,"I am a human person",2017-04-23
99-1211,"Gina Linetti",Administrator,2,S02E14,FRAUD,"STATEN  ISLAND",OPEN,41,69,75.6,0,60,"Title of your sex tape",2014-08-09
99-1212,"Charles Boyle",Detective,3,S03E12,FRAUD,MANHATTAN,"UNDER INVESTIGATION",23,25,45.6,116236,15,,2019-09-14
99-1213,"Jake Peralta",Detective,2,S02E05,ROBBERY,"STATEN  ISLAND",DISMISSED,29,25,59.9,89833,75,,2020-06-03
99-1214,"Charles Boyle",Detective,1,S01E21,ARSON,BROOKLYN,OPEN,30,5,26.9,70904,20,"Cool cool cool cool cool",2016-08-23
99-1217,"Raymond Holt",Captain,7,S07E18,ARSON,MANHATTAN,CLOSED,19,83,24.5,57322,49,Noice,NULL
99-1218,"Norm Scully",Detective,3,S03E02,VANDALISM,BRONX,DISMISSED,36,34,45.8,96097,35,"Cool cool cool cool cool",2017-11-14
99-1219,"Raymond Holt",Captain,5,S05E04,STALKING,QUEENS,"IN PROGRESS",16,85,64.8,93977,48,,2019-10-17
99-1220,"Amy Santiago",Detective,1,S01E16,MURDER,QUEENS,"COLD CASE",37,47,64.7,NULL,23,,2019-04-11
99-1222,"Raymond Holt",Captain,5,S05E10,ARSON,BRONX,"COLD CASE",7,94,28.4,NULL,66,,2020-11-09
99-1223,"Terry Jeffords",Sergeant,5,S05E05,FRAUD,MANHATTAN,CLOSED,44,56,72.9,95664,16,,2019-05-18
99-1226,"Charles Boyle",Detective,7,S07E16,VANDALISM,BRONX,OPEN,50,7,60.1,67492,75,,2016-11-15
99-1227,"Raymond Holt",Captain,2,S02E15,FRAUD,"STATEN  ISLAND","COLD CASE",49,3,49.5,68384,31,"I want to go to there",2020-11-05
99-1229,"Gina Linetti",Administrator,2,S02E02,MURDER,BROOKLYN,DISMISSED,21,63,34.2,82349,48,,2020-10-13
99-1230,"Gina Linetti",Administrator,2,S02E13,"DRUG POSSESSION",QUEENS,"IN PROGRESS",44,80,69,94866,71,,2021-11-27
99-1231,"Amy Santiago",Detective,4,S04E03,STALKING,QUEENS,CLOSED,12,45,45.7,75330,38,,2014-10-20
99-1232,"Michael Hitchcock",Detective,2,S02E02,MURDER,MANHATTAN,"UNDER INVESTIGATION",0,58,41.7,59792,34,Noice,2015-06-08
99-1233,"Gina Linetti",Administrator,5,S05E06,STALKING,"STATEN  ISLAND",OPEN,31,6,59,NULL,32,,2021-08-03
99-1234,"Terry Jeffords",Sergeant,2,S02E13,FRAUD,MANHATTAN,DISMISSED,19,61,44,63479,71,Bingpot!,2014-07-13
99-1235,"Norm Scully",Detective,6,S06E12,ASSAULT,BRONX,OPEN,25,36,68.8,NULL,65,,2015-10-04
99-1237,"Terry Jeffords",Sergeant,3,S03E15,ROBBERY,BRONX,DISMISSED,20,35,65.8,113592,64,,2015-03-19
99-1238,"Terry Jeffords",Sergeant,6,S06E20,MURDER,"STATEN  ISLAND",OPEN,2,22,45.5,117898,55,,2013-11-02
99-1240,"Jake Peralta",Detective,4,S04E12,"GRAND LARCENY","STATEN  ISLAND","COLD CASE",43,92,26.2,104195,19,,2018-04-15
99-1242,"Terry Jeffords",Sergeant,4,S04E04,ASSAULT,BROOKLYN,OPEN,36,44,69.4,57879,73,Noice,2021-07-06
99-1244,"Norm Scully",Detective,6,S06E18,ASSAULT,QUEENS,"UNDER INVESTIGATION",2,65,41.1,113559,21,,2019-12-18
99-1246,"Rosa Diaz",Detective,8,S08E09,BURGLARY,"STATEN  ISLAND",DISMISSED,20,27,45.9,NULL,25,,2013-09-11
99-1247,"Jake Peralta",Detective,2,S02E21,MURDER,"STATEN  ISLAND","COLD CASE",4,44,25.9,102560,53,Nine-Nine!,2014-01-09
99-1248,"Terry Jeffords",Sergeant,1,S01E07,ARSON,BRONX,DISMISSED,36,36,27.6,106258,26,,2021-11-07
99-1249,"Raymond Holt",Captain,8,S08E23,VANDALISME,BRONX,OPEN,29,100,72.1,90124,58,,2021-06-27
99-1250,"Amy Santiago",Detective,7,S07E16,BURGLARY,QUEENS,DISMISSED,0,16,42.7,NULL,52,,2021-08-16
99-1251,"Raymond Holt",Captain,3,S03E07,VANDALISM,"STATEN  ISLAND",OPEN,16,51,34.5,108544,39,"The squad has arrived",2018-03-12
99-1252,"Rosa Diaz",Detective,2,S02E10,ASSAULT,BROOKLYN,CLOSED,32,7,45.6,85864,23,Noice,2020-11-12
99-1253,"Terry Jeffords",Sergeant,4,S04E11,ROBBERY,"STATEN  ISLAND",CLOSED,0,72,78.6,NULL,21,,2021-04-18
99-1254,"Raymond Holt",Captain,6,S06E16,"DRUG  POSSESSION",BRONX,CLOSED,11,25,20.1,81857,64,,2017-12-02
99-1255,"Norm Scully",Detective,7,S07E21,MURDER,BROOKLYN,"COLD CASE",28,43,62.8,89855,52,Noice,2017-06-24
99-1256,"Jake Peralta",Detective,5,S05E23,MURDER,"STATEN  ISLAND","COLD CASE",0,65,75.6,82350,45,,NULL
99-1257,"Jake Peralta",Detective,7,S07E04,MURDER,MANHATTAN,CLOSED,19,17,32.4,60540,63,,2015-04-01
99-1258,"Gina Linetti",Administrator,7,S07E22,"GRAND LARCENY",BROOKLYN,DISMISSED,34,19,37,75125,69,,2021-12-22
99-1259,"Terry Jeffords",Sergeant,2,S02E19,"GRAND LARCENY",MANHATTAN,ONGOING,13,61,27.4,67461,21,,2018-12-27
99-1260,"Michael Hitchcock",Sergeant,3,S03E22,MURDER,"STATEN  ISLAND",CLOSED,44,9,59.8,99171,44,,2013-09-30
99-1262,"Rosa Diaz",Detective,6,S06E01,ROBERRY,QUEENS,"COLD CASE",1,54,78.6,115178,16,,2013-05-14
99-1263,"Gina Linetti",Administrator,7,S07E16,ASSAULT,"STATEN  ISLAND",DISMISSED,15,81,65.8,118417,45,,2017-06-21
99-1265,NULL,Detective,5,S05E08,"GRAND LARCENY","STATEN  ISLAND",CLOSED,26,18,74.4,56715,55,,2020-04-30
99-1266,"Norm Scully",Detective,2,S02E23,STALKING,BRONX,CLOSED,38,43,38.7,107821,17,,2017-02-19
99-1267,"Raymond Holt",Captain,5,S05E17,BURGLARY,QUEENS,OPEN,19,37,58.3,NULL,65,Noice,2020-01-29
99-1268,"Terry Jeffords",Sergeant,8,S08E02,ARSON,BRONX,ONGOING,8,60,27.5,98572,63,"The squad has arrived",2016-01-23
99-1269,"Terry Jeffords",Sergeant,2,S02E01,MURDER,BROOKLYN,OPEN,38,36,55.7,76950,22,,2017-08-14
99-1270,NULL,Detective,4,S04E11,MURDER,BROOKLYN,CLOSED,29,100,64.4,107773,22,,2017-09-13
99-1273,"Jake Peralta",Detective,3,S03E10,ROBBERY,BRONX,"UNDER INVESTIGATION",14,50,25.9,NULL,20,"I am a human person",2020-04-29
99-1275,NULL,Detective,3,S03E19,FRAUD,BROOKLYN,OPEN,46,53,40.8,85051,26,,2019-07-09
99-1276,"Gina Linetti",Administrator,6,S06E07,ROBERRY,BROOKLYN,"COLD CASE",46,62,43.4,68510,39,,NULL
99-1277,"Jake Peralta",Detective,6,S06E21,ARSON,MANHATTAN,OPEN,18,82,43.5,107447,25,,2017-03-26
99-1278,"Terry Jeffords",Sergeant,3,S03E23,"GRAND LARCENY",BRONX,CLOSED,12,52,30.4,73371,62,,2015-06-23
99-1280,"Terry Jeffords",Sergeant,6,S06E21,MURDER,"STATEN  ISLAND",OPEN,5,42,54.6,NULL,54,,2018-09-02
99-1281,NULL,NULL,6,S06E20,"DRUG POSESSION",MANHATTAN,CLOSED,28,59,78.7,NULL,42,,2018-12-04
99-1283,"Charles Boyle",Detective,3,S03E08,STALKING,BRONX,OPEN,25,60,67.8,72676,42,,2016-05-01
99-1284,"Charles Boyle",Detective,7,S07E06,ASSAULT,BROOKLYN,OPEN,16,97,69.3,80069,27,,2013-03-15
99-1285,"Gina Linetti",Administrator,7,S07E13,VANDALISM,BRONX,DISMISSED,14,97,56.3,NULL,50,"Get that bread",2015-08-22
99-1286,"Jake Peralta",Detective,4,S04E14,BURGLARY,MANHATTAN,OPEN,40,89,78,82395,68,Noice,2018-12-05
99-1287,"Michael Hitchcock",NULL,2,S02E11,ASSAULT,MANHATTAN,DISMISSED,21,66,25.9,NULL,24,,2013-05-06
99-1288,"Jake Peralta",Detective,2,S02E12,ROBERRY,QUEENS,CLOSED,23,80,27.4,NULL,42,Nine-Nine!,2021-09-17
99-1289,"Jake Peralta",Detective,2,S02E05,FRAUD,MANHATTAN,OPEN,8,65,50.8,60526,53,,2015-06-08
99-1290,"Jake Peralta",Detective,8,S08E12,BURGLERY,BRONX,CLOSED,20,4,44,NULL,32,"The squad has arrived",2016-06-03
99-1292,"Raymond Holt",Captain,6,S06E21,MURDER,BRONX,CLOSED,43,86,49,102238,67,,2017-07-28
99-1294,"Rosa Diaz",Detective,3,S03E04,STALKING,BRONX,OPEN,44,64,22.1,105707,23,,2019-10-20
99-1296,"Charles Boyle",Detective,3,S03E13,MURDER,MANHATTAN,DISMISSED,36,70,49.4,57857,49,"Title of your sex tape",2014-03-05
99-1298,"Amy Santiago",Detective,3,S03E09,MURDER,MANHATTAN,OPEN,31,47,35.2,63568,41,,2013-05-20
99-1299,"Charles Boyle",Detective,5,S05E09,STALKING,BRONX,"IN PROGRESS",31,29,61.8,63960,71,,2015-10-12
99-1300,"Amy Santiago",Detective,6,S06E16,ARSON,QUEENS,CLOSED,9,100,50.5,0,46,,2021-09-02
99-1301,"Gina Linetti",Administrator,8,S08E17,FRAUD,"STATEN  ISLAND","UNDER INVESTIGATION",42,77,43,92426,51,"I want to go to there",NULL
99-1304,"Michael Hitchcock",Detective,7,S07E21,"DRUG  POSSESSION",QUEENS,CLOSED,14,100,43,71871,21,,2014-07-02
99-1305,"Raymond Holt",Captain,6,S06E17,ARSON,BRONX,DISMISSED,34,15,64.1,72587,62,,2018-06-09
99-1306,"Charles Boyle",Detective,2,S02E14,"DRUG POSESSION",BROOKLYN,"COLD CASE",10,38,28.2,58083,60,,2019-12-21
99-1307,"Terry Jeffords",Sergeant,5,S05E23,"GRAND LARCENY",QUEENS,"UNDER INVESTIGATION",11,98,20.8,NULL,48,"I want to go to there",2021-01-30
99-1309,"Raymond Holt",Captain,7,S07E05,ASSAULT,"STATEN  ISLAND",DISMISSED,5,44,30.1,59135,47,,2017-09-21
99-1310,"Rosa Diaz",Detective,2,S02E12,STALKING,BROOKLYN,"IN PROGRESS",28,66,74,NULL,69,,2017-05-13
99-1311,NULL,Detective,8,S08E14,MURDER,"STATEN  ISLAND","COLD CASE",41,47,62.8,NULL,46,,2015-07-21
99-1313,"Terry Jeffords",Sergeant,1,S01E07,MURDER,"STATEN  ISLAND",OPEN,9,45,30.1,59621,24,,2015-12-23
99-1314,"Gina Linetti",Administrator,2,S02E11,ASSAULT,BROOKLYN,CLOSED,35,87,66.8,NULL,29,"Title of your sex tape",2019-03-17
99-1317,NULL,Detective,8,S08E06,ROBBERY,"STATEN  ISLAND","UNDER INVESTIGATION",20,58,25,79068,45,,2019-02-28
99-1319,"Charles Boyle",Detective,7,S07E05,BURGLERY,BROOKLYN,"COLD CASE",35,48,63.5,57457,62,"Cool cool cool cool cool",2013-08-11
99-1320,"Jake Peralta",Detective,6,S06E12,VANDALISME,BRONX,CLOSED,6,71,52.3,NULL,30,,2016-02-17
99-1321,"Rosa Diaz",Detective,4,S04E09,MURDER,BROOKLYN,"COLD CASE",43,9,55.6,103382,21,,2013-10-04
99-1322,"Rosa Diaz",Detective,3,S03E05,"DRUG POSSESSION","STATEN  ISLAND","COLD CASE",37,59,23.1,98131,25,"Title of your sex tape",2017-03-10
99-1324,"Michael Hitchcock",Detective,8,S08E10,STALKING,BROOKLYN,CLOSED,6,29,68.1,101753,71,"I am a human person",2018-08-30
99-1326,"Gina Linetti",Administrator,7,S07E05,ASSAULT,QUEENS,"UNDER INVESTIGATION",44,49,63.3,67881,26,,2015-08-04
99-1327,"Raymond Holt",Captain,6,S06E22,MURDER,"STATEN  ISLAND",OPEN,35,20,51,NULL,35,,2021-02-09
99-1331,"Gina Linetti",Administrator,2,S02E15,"GRAND LARCENY",BRONX,"COLD CASE",31,74,55.5,96965,74,,2018-01-01
99-1333,"Gina Linetti",Administrator,5,S05E01,VANDALISM,QUEENS,DISMISSED,28,6,76.1,NULL,19,Bingpot!,2018-11-21
99-1334,"Gina Linetti",Administrator,2,S02E18,ROBBERY,BRONX,OPEN,45,18,74.5,0,59,,2018-11-04
99-1335,NULL,Detective,6,S06E22,"GRAND LARCENY",BROOKLYN,CLOSED,0,9,34.6,108669,37,,2021-03-10
99-1336,"Jake Peralta",Detective,2,S02E06,ARSON,QUEENS,"COLD CASE",39,22,34.6,98805,26,,2019-10-14
99-1338,"Michael Hitchcock",Detective,3,S03E13,ASSAULT,BROOKLYN,"COLD CASE",42,42,30.4,73344,61,"Title of your sex tape",2017-09-26
99-1339,"Terry Jeffords",Sergeant,3,S03E14,MURDER,BRONX,OPEN,4,26,67.6,70468,65,,2020-12-09
99-1340,"Raymond Holt",Captain,5,S05E22,"DRUG POSESSION",MANHATTAN,"IN PROGRESS",9,61,41,76965,20,,2018-12-02
99-1341,"Gina Linetti",Administrator,6,S06E20,ASSAULT,QUEENS,"UNDER INVESTIGATION",35,99,76.9,117936,41,,2020-03-18
99-1342,"Jake Peralta",Detective,8,S08E08,ROBBERY,MANHATTAN,"COLD CASE",30,86,49.6,NULL,21,,2017-02-07
99-1343,"Michael Hitchcock",Detective,4,S04E16,BURGLARY,MANHATTAN,"IN PROGRESS",37,58,62.9,57254,44,,2014-11-17
99-1344,"Charles Boyle",Detective,4,S04E05,"GRAND LARCENY",BRONX,"UNDER INVESTIGATION",50,91,58.6,85840,38,,2018-05-12
99-1345,"Michael Hitchcock",Sergeant,8,S08E13,ASSAULT,"STATEN  ISLAND",OPEN,46,62,71.1,60330,47,,NULL
99-1346,"Terry Jeffords",Sergeant,7,S07E01,ARSON,BROOKLYN,OPEN,39,49,69,59952,40,"The squad has arrived",NULL
99-1347,"Jake Peralta",Detective,3,S03E21,MURDER,QUEENS,ONGOING,2,73,77.7,72078,54,Bingpot!,2013-12-15
99-1348,"Gina Linetti",Administrator,6,S06E06,MURDER,MANHATTAN,"COLD CASE",28,18,76,72596,37,,2019-03-19
99-1349,"Rosa Diaz",Detective,8,S08E17,VANDALISM,"STATEN  ISLAND","COLD CASE",37,35,57.3,0,31,,2013-07-12
99-1351,"Terry Jeffords",Sergeant,8,S08E12,"GRAND LARCENY","STATEN  ISLAND",CLOSED,29,96,20.7,94988,64,,2017-12-25
99-1352,"Terry Jeffords",Sergeant,8,S08E13,"GRAND LARCENY","STATEN  ISLAND",CLOSED,26,15,64.2,0,27,,2015-04-24
99-1353,"Amy Santiago",Detective,4,S04E06,"GRAND LARCENY",BRONX,DISMISSED,45,22,64.8,91240,61,,2021-12-21
99-1354,"Gina Linetti",Administrator,4,S04E07,MURDER,QUEENS,CLOSED,11,94,21.2,96677,26,"Get that bread",2013-12-01
99-1355,NULL,Detective,8,S08E17,MURDER,"STATEN  ISLAND","UNDER INVESTIGATION",1,52,66.6,81067,19,,2015-01-27
99-1359,"Gina Linetti",Administrator,7,S07E12,BURGLARY,BRONX,DISMISSED,43,6,65.3,116975,69,,2017-02-23
99-1361,"Jake Peralta",Detective,3,S03E17,ASSAULT,BRONX,CLOSED,45,57,28.8,62207,58,,2021-05-14
99-1363,"Norm Scully",Detective,1,S01E14,VANDALISM,QUEENS,"COLD CASE",12,79,59.8,NULL,30,,2021-07-27
99-1364,"Terry Jeffords",Sergeant,8,S08E07,FRAUD,"STATEN  ISLAND",OPEN,46,25,27.6,113799,55,,2013-11-12
99-1367,NULL,Detective,3,S03E01,ASSAULT,"STATEN  ISLAND",CLOSED,10,69,59.4,96782,15,,2018-02-23
99-1369,"Gina Linetti",Administrator,6,S06E13,FRAUD,"STATEN  ISLAND",CLOSED,10,37,61.9,94825,70,,2017-02-25
99-1371,"Norm Scully",Detective,4,S04E14,ASSAULT,MANHATTAN,"COLD CASE",34,77,41,85992,71,,2018-11-08
99-1372,"Rosa Diaz",Detective,7,S07E06,"GRAND LARCENY",BROOKLYN,CLOSED,8,82,37.7,107564,75,,2015-05-22
99-1373,NULL,Detective,5,S05E10,MURDER,QUEENS,DISMISSED,42,54,58.9,NULL,43,,2019-06-18
99-1374,"Raymond Holt",Captain,8,S08E16,ROBERRY,MANHATTAN,"IN PROGRESS",9,21,30.9,117031,22,,2020-10-07
99-1375,"Charles Boyle",Detective,8,S08E11,ARSON,BROOKLYN,DISMISSED,45,21,79.4,100519,69,"I am a human person",2014-02-08
99-1378,"Terry Jeffords",Sergeant,3,S03E20,ROBBERY,BROOKLYN,DISMISSED,24,23,79,84262,28,,2015-09-26
99-1379,"Rosa Diaz",Detective,1,S01E22,STALKING,QUEENS,CLOSED,41,41,78.8,101596,52,,2021-07-29
99-1382,"Terry Jeffords",Sergeant,7,S07E15,ASSAULT,"STATEN  ISLAND","UNDER INVESTIGATION",7,69,20.7,57113,18,"Title of your sex tape",2015-11-06
99-1383,"Raymond Holt",Captain,2,S02E02,VANDALISME,MANHATTAN,OPEN,7,62,29.8,116025,74,,2016-06-13
99-1384,"Charles Boyle",Detective,5,S05E17,VANDALISME,QUEENS,"COLD CASE",8,27,59.8,55942,60,"Get that bread",2017-08-09
99-1385,"Amy Santiago",Detective,3,S03E15,STALKING,BROOKLYN,"UNDER INVESTIGATION",8,68,23.9,57815,62,,2013-10-01
99-1386,"Norm Scully",Detective,6,S06E01,ASSAULT,BROOKLYN,DISMISSED,13,32,57.6,97394,44,,2013-10-01
99-1387,"Terry Jeffords",Sergeant,7,S07E22,VANDALISM,QUEENS,ONGOING,17,40,31.2,94248,27,"I want to go to there",2016-02-10
99-1388,"Gina Linetti",Administrator,3,S03E04,"DRUG  POSSESSION",BRONX,DISMISSED,25,41,31.8,117648,50,,2019-08-12
99-1389,"Norm Scully",Detective,1,S01E16,"GRAND LARCENY",QUEENS,OPEN,22,1,25.1,92687,22,Bingpot!,NULL
99-1391,"Terry Jeffords",Sergeant,2,S02E03,FRAUD,MANHATTAN,DISMISSED,25,31,61.9,67577,28,,2020-02-15
99-1392,"Gina Linetti",Administrator,7,S07E04,BURGLERY,BRONX,CLOSED,24,4,29.4,61452,23,"I want to go to there",2019-03-27
99-1393,"Charles Boyle",Detective,8,S08E06,ARSON,BROOKLYN,ONGOING,10,16,64.7,114195,69,,2014-10-05
99-1394,"Gina Linetti",Administrator,3,S03E11,ROBBERY,BROOKLYN,"IN PROGRESS",39,41,57.2,113307,19,"Get that bread",2020-01-12
99-1396,"Terry Jeffords",Sergeant,3,S03E12,FRAUD,"STATEN  ISLAND",DISMISSED,40,75,66.3,97461,43,"Halloween Heist Champion",2016-01-04
99-1398,"Jake Peralta",Detective,5,S05E03,"DRUG POSSESSION",BRONX,"UNDER INVESTIGATION",34,46,35.4,73914,53,"Cool cool cool cool cool",2020-05-20
99-1401,"Rosa Diaz",Detective,1,S01E02,"GRAND LARCENY",QUEENS,DISMISSED,49,0,20.2,75966,51,,2020-11-29
99-1402,"Gina Linetti",Administrator,8,S08E21,FRAUD,MANHATTAN,OPEN,30,54,47.3,64842,37,,2018-03-04
99-1403,"Amy Santiago",Detective,3,S03E22,"GRAND LARCENY","STATEN  ISLAND",CLOSED,25,20,34.2,91259,44,,2016-09-07
99-1405,"Amy Santiago",Detective,4,S04E09,"GRAND LARCENY",BRONX,DISMISSED,32,10,72.5,NULL,24,,2014-06-24
99-1410,"Amy Santiago",Detective,3,S03E16,"DRUG POSSESSION",BRONX,DISMISSED,32,20,39.9,NULL,63,,2015-10-23
99-1411,"Rosa Diaz",Detective,5,S05E01,FRAUD,BRONX,OPEN,16,78,67.4,89614,48,Noice,2020-05-20
99-1412,"Amy Santiago",Detective,8,S08E17,VANDALISME,MANHATTAN,DISMISSED,39,28,23.3,99516,42,,2014-03-01
99-1414,"Gina Linetti",Administrator,1,S01E15,ARSON,QUEENS,ONGOING,22,18,28.6,NULL,20,,2013-01-15
99-1415,"Amy Santiago",Detective,5,S05E10,ROBBERY,QUEENS,"UNDER INVESTIGATION",16,59,29.5,111329,50,,2013-06-22
99-1417,"Jake Peralta",Detective,5,S05E04,ROBBERY,QUEENS,DISMISSED,24,9,33.3,89044,70,Nine-Nine!,2013-01-23
99-1419,"Amy Santiago",Detective,7,S07E09,"DRUG  POSSESSION",BRONX,"COLD CASE",11,22,26.6,101802,34,,2021-08-23
99-1424,"Amy Santiago",Detective,7,S07E14,VANDALISM,"STATEN  ISLAND","COLD CASE",4,90,55.2,103797,73,"Cool cool cool cool cool",2018-03-20
99-1426,"Raymond Holt",Captain,7,S07E13,ROBBERY,QUEENS,DISMISSED,15,24,33.9,NULL,38,,2016-12-21
99-1427,"Charles Boyle",Detective,5,S05E13,ROBBERY,BROOKLYN,"COLD CASE",28,20,20.3,74130,26,,2021-03-27
99-1428,NULL,Detective,3,S03E09,MURDER,QUEENS,OPEN,34,49,65.4,117494,40,"The squad has arrived",2013-06-12
99-1429,"Terry Jeffords",Sergeant,3,S03E16,BURGLERY,BRONX,DISMISSED,4,55,74.9,78264,50,Nine-Nine!,2018-04-14
99-1430,"Raymond Holt",Captain,3,S03E10,ARSON,BROOKLYN,DISMISSED,45,52,62.3,NULL,49,,2014-07-31
99-1433,"Amy Santiago",Detective,5,S05E07,STALKING,QUEENS,OPEN,19,100,20.7,79747,63,,2020-02-09
99-1434,"Raymond Holt",Captain,4,S04E16,FRAUD,BRONX,"UNDER INVESTIGATION",38,31,53.9,0,54,,2015-12-27
99-1435,"Charles Boyle",Detective,4,S04E03,FRAUD,QUEENS,CLOSED,42,94,65.6,NULL,32,,2015-01-31
99-1436,"Michael Hitchcock",Administrator,4,S04E12,ARSON,MANHATTAN,"COLD CASE",32,32,30,NULL,47,,2016-10-10
99-1437,"Jake Peralta",Detective,3,S03E12,VANDALISM,BRONX,DISMISSED,43,38,74.8,0,56,,2015-01-16
99-1441,"Jake Peralta",Detective,3,S03E19,VANDALISM,MANHATTAN,DISMISSED,46,39,53.7,107971,23,,2018-01-07
99-1442,"Terry Jeffords",Sergeant,8,S08E22,"GRAND LARCENY",BRONX,"COLD CASE",8,59,44,115280,38,,2019-05-02
99-1444,"Charles Boyle",Detective,8,S08E05,VANDALISM,MANHATTAN,CLOSED,3,38,72.5,55029,33,,2020-07-19
99-1447,"Rosa Diaz",Detective,3,S03E01,ARSON,"STATEN  ISLAND",DISMISSED,17,91,73.2,90685,52,"Cool cool cool cool cool",2020-12-17
99-1448,"Norm Scully",Detective,1,S01E09,"GRAND LARCENY",BROOKLYN,CLOSED,48,4,78.7,76261,50,,2020-01-10
99-1450,"Rosa Diaz",Detective,1,S01E05,ARSON,BRONX,"UNDER INVESTIGATION",28,77,27.4,0,58,,2019-04-20
99-1451,"Raymond Holt",Captain,7,S07E15,MURDER,MANHATTAN,CLOSED,16,51,63.2,98611,34,,2021-03-13
99-1452,"Gina Linetti",Administrator,5,S05E01,STALKING,BROOKLYN,"COLD CASE",14,100,33.5,118669,32,,2017-05-15
99-1453,NULL,NULL,5,S05E07,ROBBERY,MANHATTAN,CLOSED,44,71,61.1,56846,37,"Halloween Heist Champion",2019-10-25
99-1454,"Raymond Holt",Captain,7,S07E19,STALKING,"STATEN  ISLAND","COLD CASE",2,15,69.7,71986,31,,2017-09-10
99-1457,"Michael Hitchcock",Sergeant,8,S08E10,STALKING,BROOKLYN,"UNDER INVESTIGATION",11,4,38,75513,63,"Get that bread",2017-07-02
99-1459,"Rosa Diaz",Detective,1,S01E13,VANDALISM,"STATEN  ISLAND",CLOSED,40,74,74.8,NULL,22,"Get that bread",2013-07-13
99-1460,"Amy Santiago",Detective,2,S02E19,BURGLARY,BRONX,"COLD CASE",12,35,45.1,0,43,,2015-08-11
99-1461,"Jake Peralta",Detective,1,S01E19,FRAUD,MANHATTAN,"IN PROGRESS",4,45,48.6,87325,34,"Halloween Heist Champion",2013-03-01
99-1463,"Jake Peralta",Detective,1,S01E09,ARSON,"STATEN  ISLAND","COLD CASE",24,81,63.3,108389,38,"The squad has arrived",2017-08-31
99-1467,NULL,NULL,2,S02E11,ASSAULT,BROOKLYN,CLOSED,32,90,49.6,56722,57,,2019-05-26
99-1468,"Terry Jeffords",Sergeant,1,S01E14,FRAUD,BRONX,OPEN,32,7,61.4,86913,65,"I am a human person",2016-05-19
99-1469,"Jake Peralta",Detective,2,S02E20,ASSAULT,"STATEN  ISLAND",CLOSED,9,40,65.9,57743,52,Nine-Nine!,2018-09-30
99-1470,"Charles Boyle",Detective,3,S03E10,"GRAND LARCENY",BRONX,"COLD CASE",42,49,63.9,77104,53,,2014-04-29
99-1471,"Raymond Holt",Captain,1,S01E03,MURDER,MANHATTAN,"COLD CASE",31,50,57.9,0,67,,2018-05-21
99-1473,"Raymond Holt",Captain,7,S07E21,BURGLARY,"STATEN  ISLAND",ONGOING,2,78,24.3,56287,25,,2020-02-02
99-1475,"Jake Peralta",Detective,8,S08E23,MURDER,"STATEN  ISLAND","COLD CASE",10,62,60.2,NULL,63,Noice,2018-09-04
99-1476,"Charles Boyle",Detective,4,S04E07,MURDER,QUEENS,CLOSED,40,62,79.5,77642,61,,2019-12-13
99-1479,"Jake Peralta",Detective,4,S04E04,ASSAULT,QUEENS,"COLD CASE",34,87,51.4,83815,20,,2014-12-30
99-1480,"Michael Hitchcock",Sergeant,4,S04E22,"GRAND LARCENY",MANHATTAN,"COLD CASE",50,2,29.6,NULL,43,"Get that bread",2014-06-06
99-1481,"Gina Linetti",Administrator,4,S04E23,ROBBERY,"STATEN  ISLAND",CLOSED,22,84,51.7,63264,59,,2013-05-08
99-1482,"Charles Boyle",Detective,3,S03E07,STALKING,MANHATTAN,"COLD CASE",29,31,52.9,0,46,,NULL
99-1483,"Gina Linetti",Administrator,8,S08E22,"DRUG POSESSION",BROOKLYN,CLOSED,15,45,78.1,NULL,58,,2017-10-01
99-1484,"Michael Hitchcock",Detective,4,S04E08,"DRUG POSESSION",BRONX,OPEN,32,37,46,85741,27,,2017-09-22
99-1486,"Jake Peralta",Detective,2,S02E23,STALKING,BRONX,CLOSED,30,52,51.8,88405,48,,2020-12-25
99-1487,NULL,Detective,2,S02E22,"GRAND LARCENY",MANHATTAN,DISMISSED,46,21,60.5,90340,51,,2019-03-03
99-1488,"Raymond Holt",Captain,5,S05E21,VANDALISME,BRONX,OPEN,1,43,43.5,71164,71,,2018-09-27
99-1490,"Jake Peralta",Detective,8,S08E14,FRAUD,BROOKLYN,DISMISSED,13,35,41.7,108406,50,,2016-09-15
99-1492,"Terry Jeffords",Sergeant,8,S08E04,FRAUD,QUEENS,"COLD CASE",5,48,39.6,110252,16,"I am a human person",2021-10-30
99-1493,"Amy Santiago",Detective,2,S02E10,"GRAND LARCENY",BRONX,CLOSED,0,13,38.6,114033,43,,2021-11-20
99-1496,"Jake Peralta",Detective,5,S05E07,MURDER,BROOKLYN,OPEN,37,92,58.7,NULL,66,,NULL
99-1497,"Terry Jeffords",Sergeant,5,S05E20,ROBBERY,MANHATTAN,OPEN,40,86,23.2,76663,22,"Title of your sex tape",2017-04-09
99-1498,"Norm Scully",Detective,1,S01E04,STALKING,BRONX,OPEN,0,48,46.8,111365,47,Nine-Nine!,2013-12-25
99-1499,"Amy Santiago",Detective,3,S03E11,"DRUG POSSESSION",BRONX,DISMISSED,9,35,74.2,108358,41,,2019-06-23
99-1500,NULL,Detective,3,S03E13,BURGLARY,"STATEN  ISLAND",OPEN,46,44,62.5,65740,61,,2016-02-19
99-1504,"Norm Scully",Detective,2,S02E11,ROBBERY,QUEENS,"UNDER INVESTIGATION",23,80,60.2,115156,25,,2014-10-17
99-1505,"Raymond Holt",Captain,7,S07E11,FRAUD,"STATEN  ISLAND",OPEN,42,11,28.6,0,15,,2019-04-07
99-1506,"Gina Linetti",Administrator,5,S05E05,"GRAND LARCENY",QUEENS,OPEN,15,97,30,86555,49,,2017-08-31
99-1507,"Jake Peralta",Detective,8,S08E05,FRAUD,BRONX,OPEN,23,91,33.5,58535,23,"Title of your sex tape",2018-10-05
99-1508,"Raymond Holt",Captain,4,S04E05,ARSON,"STATEN  ISLAND","UNDER INVESTIGATION",22,44,76.4,98046,27,,2014-11-29
99-1511,"Terry Jeffords",Sergeant,2,S02E01,VANDALISM,QUEENS,DISMISSED,49,75,64.5,68938,47,,2018-02-17
99-1513,"Norm Scully",Detective,1,S01E04,"GRAND LARCENY",MANHATTAN,OPEN,40,60,74.1,72548,74,,2019-08-19
99-1514,"Raymond Holt",Captain,6,S06E15,MURDER,QUEENS,OPEN,40,54,23,98412,59,"Halloween Heist Champion",2017-07-29
99-1515,NULL,Detective,2,S02E11,"DRUG  POSSESSION",MANHATTAN,DISMISSED,33,66,68.6,55288,57,,2016-11-30
99-1516,"Terry Jeffords",Sergeant,5,S05E06,BURGLERY,QUEENS,DISMISSED,47,83,49.9,117737,39,,2021-03-23
99-1520,"Raymond Holt",Captain,6,S06E11,"GRAND LARCENY","STATEN  ISLAND","COLD CASE",6,63,37.9,NULL,52,,2016-11-16
99-1522,"Michael Hitchcock",Captain,2,S02E17,BURGLERY,BROOKLYN,"COLD CASE",15,14,42.1,82159,51,,2013-02-01
99-1524,"Jake Peralta",Detective,6,S06E08,FRAUD,BROOKLYN,DISMISSED,27,15,41.9,66321,47,"Get that bread",2021-12-05
99-1525,"Charles Boyle",Detective,3,S03E21,FRAUD,BROOKLYN,"IN PROGRESS",4,63,75.3,91851,51,,2021-06-28
99-1526,"Raymond Holt",Captain,2,S02E08,BURGLARY,"STATEN  ISLAND",DISMISSED,24,54,65.5,89431,32,,2014-07-02
99-1527,"Raymond Holt",Captain,8,S08E20,"DRUG  POSSESSION",QUEENS,DISMISSED,47,49,65.3,80923,27,,2013-06-19
99-1529,"Jake Peralta",Detective,4,S04E02,ROBBERY,"STATEN  ISLAND",ONGOING,28,94,56.9,113846,47,,2015-01-14
99-1532,"Amy Santiago",Detective,5,S05E22,"DRUG POSSESSION",BROOKLYN,DISMISSED,18,15,51.1,0,47,,2014-12-30
99-1536,"Gina Linetti",Administrator,4,S04E05,ROBERRY,"STATEN  ISLAND","COLD CASE",31,99,76.7,114567,42,,2013-08-06
99-1537,"Amy Santiago",Detective,1,S01E15,"DRUG  POSSESSION",BRONX,OPEN,38,33,40.1,113095,37,,2020-03-22
99-1540,"Jake Peralta",Detective,1,S01E09,"GRAND LARCENY",BRONX,ONGOING,37,93,40,61189,42,,2021-12-07
99-1541,"Jake Peralta",Detective,6,S06E02,FRAUD,QUEENS,CLOSED,12,35,24.3,61482,29,,2021-06-30
99-1542,NULL,Detective,7,S07E20,FRAUD,BROOKLYN,CLOSED,12,91,24.2,72645,49,,2015-07-30
99-1543,"Raymond Holt",Captain,4,S04E20,ROBBERY,MANHATTAN,DISMISSED,8,58,70.7,63315,42,,2014-12-07
99-1545,"Amy Santiago",Detective,2,S02E14,ROBERRY,MANHATTAN,ONGOING,12,22,50.8,70381,69,"The squad has arrived",2019-10-31
99-1548,"Michael Hitchcock",Captain,6,S06E07,FRAUD,"STATEN  ISLAND","UNDER INVESTIGATION",38,81,67,105561,70,,2021-01-03
99-1549,"Raymond Holt",Captain,5,S05E01,ASSAULT,QUEENS,CLOSED,16,33,55.6,75632,45,,2014-08-07
99-1550,"Raymond Holt",Captain,4,S04E19,ROBBERY,MANHATTAN,OPEN,9,82,70.5,87004,68,,2017-07-22
99-1552,"Norm Scully",Detective,1,S01E13,"GRAND LARCENY","STATEN  ISLAND",CLOSED,16,17,51.1,68866,30,"I want to go to there",2018-10-28
99-1553,"Amy Santiago",Detective,1,S01E14,"DRUG POSSESSION",BRONX,"COLD CASE",5,28,20.2,63473,33,,2015-07-11
99-1554,NULL,Detective,6,S06E03,ROBBERY,MANHATTAN,"UNDER INVESTIGATION",14,47,43,102770,21,,2017-06-15
99-1555,"Raymond Holt",Captain,7,S07E06,ASSAULT,BROOKLYN,"COLD CASE",45,32,35.8,64556,24,,2013-05-29
99-1557,"Michael Hitchcock",Detective,1,S01E10,VANDALISM,QUEENS,"UNDER INVESTIGATION",14,62,63.9,101635,61,,2014-07-07
99-1558,"Charles Boyle",Detective,3,S03E20,ASSAULT,MANHATTAN,"UNDER INVESTIGATION",3,94,34.4,NULL,47,,2013-04-02
99-1559,"Charles Boyle",Detective,4,S04E21,VANDALISM,BROOKLYN,DISMISSED,2,70,64.8,116274,55,,2014-07-23
99-1560,"Terry Jeffords",Sergeant,5,S05E15,ARSON,BRONX,CLOSED,47,32,78.1,77860,19,,2021-09-07
99-1561,"Gina Linetti",Administrator,1,S01E06,MURDER,BROOKLYN,"IN PROGRESS",9,10,77.7,72056,66,,2019-01-16
99-1562,"Norm Scully",Detective,5,S05E08,VANDALISM,MANHATTAN,CLOSED,12,80,25.1,NULL,70,,2019-06-10
99-1563,"Amy Santiago",Detective,7,S07E04,"GRAND LARCENY",BRONX,CLOSED,0,74,36.9,92948,55,,2021-03-24
99-1564,"Raymond Holt",Captain,7,S07E06,"DRUG  POSSESSION",QUEENS,DISMISSED,48,61,70.5,117783,73,"I want to go to there",2019-05-09
99-1566,"Charles Boyle",Detective,8,S08E04,ROBBERY,BRONX,CLOSED,21,6,31,NULL,64,,2016-03-10
99-1569,"Charles Boyle",Detective,8,S08E21,"GRAND LARCENY",QUEENS,OPEN,37,31,21.4,58654,68,,2020-11-07
99-1570,"Charles Boyle",Detective,8,S08E02,ARSON,BRONX,ONGOING,24,7,67.9,65798,41,,2015-01-12
99-1572,NULL,Detective,1,S01E11,STALKING,QUEENS,OPEN,28,10,75.5,NULL,26,,2017-03-12
99-1573,"Terry Jeffords",Sergeant,7,S07E03,ROBBERY,"STATEN  ISLAND","COLD CASE",28,94,52.3,98717,42,"The squad has arrived",2014-08-11
99-1575,"Amy Santiago",Detective,8,S08E10,FRAUD,QUEENS,CLOSED,33,45,46.3,104877,52,,2014-04-21
99-1578,"Michael Hitchcock",Detective,3,S03E13,"GRAND LARCENY",MANHATTAN,"UNDER INVESTIGATION",35,69,46.4,NULL,18,Bingpot!,2021-10-04
99-1579,"Raymond Holt",Captain,5,S05E08,ASSAULT,BRONX,"IN PROGRESS",39,12,61.8,NULL,38,,2021-12-27
99-1580,NULL,Detective,8,S08E19,"DRUG POSSESSION",QUEENS,OPEN,49,75,20,62046,56,,2013-12-29
99-1581,"Rosa Diaz",Detective,7,S07E04,ROBERRY,BROOKLYN,"COLD CASE",15,24,67.4,107824,59,,2020-08-16
99-1584,"Terry Jeffords",Sergeant,5,S05E01,ASSAULT,"STATEN  ISLAND",DISMISSED,2,39,51.9,62026,50,,2017-04-25
99-1585,"Raymond Holt",Captain,6,S06E01,BURGLERY,"STATEN  ISLAND",DISMISSED,46,82,75,NULL,41,,2013-02-13
99-1586,"Jake Peralta",Detective,4,S04E10,VANDALISM,QUEENS,CLOSED,43,94,56.3,NULL,40,"Get that bread",2018-11-23
99-1587,"Norm Scully",Detective,4,S04E04,"GRAND LARCENY","STATEN  ISLAND","COLD CASE",37,100,42.2,0,51,Bingpot!,2013-08-18
99-1588,"Jake Peralta",Detective,2,S02E06,"GRAND LARCENY","STATEN  ISLAND","COLD CASE",36,12,65.5,91347,44,"Get that bread",2019-04-30
99-1589,"Jake Peralta",Detective,6,S06E20,FRAUD,"STATEN  ISLAND",CLOSED,12,15,52.5,0,71,,2021-07-08
99-1592,"Rosa Diaz",Detective,2,S02E04,"DRUG POSSESSION",BRONX,"COLD CASE",39,96,72.8,111321,47,,2013-05-10
99-1593,"Amy Santiago",Detective,6,S06E08,MURDER,BRONX,"COLD CASE",16,96,49.1,57914,23,"I am a human person",2014-01-12
99-1595,"Charles Boyle",Detective,4,S04E13,FRAUD,QUEENS,CLOSED,32,87,37.8,62233,21,"The squad has arrived",2017-01-25
99-1596,"Gina Linetti",Administrator,4,S04E03,ROBBERY,BRONX,CLOSED,48,75,71.2,NULL,23,"Title of your sex tape",2013-06-30
99-1597,"Rosa Diaz",Detective,2,S02E18,STALKING,BROOKLYN,DISMISSED,30,81,31.3,NULL,43,"I am a human person",2020-04-10
99-1598,"Charles Boyle",Detective,4,S04E23,"GRAND LARCENY","STATEN  ISLAND",OPEN,43,33,73,NULL,75,,2018-03-17
99-1600,"Charles Boyle",Detective,4,S04E11,BURGLARY,BROOKLYN,DISMISSED,27,73,75.4,59641,67,,2017-08-19
99-1602,"Michael Hitchcock",Sergeant,2,S02E02,FRAUD,QUEENS,OPEN,45,18,49.5,110360,73,,2015-01-09
99-1604,"Norm Scully",Detective,2,S02E12,MURDER,BROOKLYN,OPEN,21,2,65,0,40,,2013-07-29
99-1606,"Michael Hitchcock",Detective,4,S04E06,ASSAULT,"STATEN  ISLAND",OPEN,37,10,31.8,111726,24,,2018-04-23
99-1608,"Gina Linetti",Administrator,7,S07E23,ARSON,BRONX,CLOSED,38,97,65.3,114988,39,,2021-11-18
99-1610,"Jake Peralta",Detective,1,S01E07,VANDALISM,BROOKLYN,OPEN,34,43,63.8,64213,44,,2021-01-23
99-1612,"Jake Peralta",Detective,1,S01E13,VANDALISME,BROOKLYN,DISMISSED,17,83,73.1,114110,35,"Title of your sex tape",NULL
99-1616,"Jake Peralta",Detective,6,S06E21,"GRAND LARCENY","STATEN  ISLAND",CLOSED,43,83,32,0,53,,2017-06-01
99-1618,"Michael Hitchcock",Detective,4,S04E07,BURGLARY,BRONX,"UNDER INVESTIGATION",24,52,26.8,74915,26,Bingpot!,2014-01-14
99-1619,"Rosa Diaz",Detective,1,S01E15,MURDER,QUEENS,CLOSED,11,74,79.2,NULL,62,,2015-05-10
99-1620,"Michael Hitchcock",Detective,6,S06E16,"GRAND LARCENY",BROOKLYN,OPEN,21,64,77.1,118388,34,,2014-09-23
99-1621,"Charles Boyle",Detective,5,S05E11,FRAUD,BRONX,"UNDER INVESTIGATION",2,77,63.2,0,30,,2021-03-03
99-1622,"Terry Jeffords",Sergeant,4,S04E08,"GRAND LARCENY",MANHATTAN,CLOSED,30,95,79.4,106288,38,,2016-05-29
99-1623,"Raymond Holt",Captain,3,S03E13,ROBERRY,QUEENS,CLOSED,37,62,46.2,60462,67,,2018-02-07
99-1624,"Raymond Holt",Captain,8,S08E18,VANDALISM,MANHATTAN,CLOSED,17,24,48.2,118024,24,,2019-07-13
99-1630,"Gina Linetti",Administrator,7,S07E18,MURDER,BROOKLYN,DISMISSED,44,62,24.7,81350,46,,2021-10-28
99-1631,"Amy Santiago",Detective,6,S06E04,"GRAND LARCENY",QUEENS,DISMISSED,40,76,23.1,69010,31,,NULL
99-1634,"Norm Scully",Detective,4,S04E04,BURGLARY,BRONX,OPEN,12,67,45.7,NULL,74,,2020-01-29
99-1635,"Jake Peralta",Detective,7,S07E12,ROBBERY,QUEENS,CLOSED,29,56,61.3,110527,67,,2020-03-06
99-1636,"Terry Jeffords",Sergeant,8,S08E21,MURDER,BRONX,"UNDER INVESTIGATION",46,17,52.4,89644,73,,2021-11-10
99-1637,NULL,Detective,4,S04E04,ARSON,"STATEN  ISLAND",DISMISSED,8,20,48.8,83957,16,,2013-12-07
99-1640,"Amy Santiago",Detective,1,S01E11,MURDER,"STATEN  ISLAND",CLOSED,24,65,46.4,NULL,53,"I am a human person",2014-12-13
99-1641,"Raymond Holt",Captain,6,S06E06,ARSON,"STATEN  ISLAND",CLOSED,9,19,43,0,18,Bingpot!,2016-10-13
99-1644,"Gina Linetti",Administrator,1,S01E18,ASSAULT,MANHATTAN,"COLD CASE",37,71,77.4,63745,33,,2020-05-26
99-1646,"Amy Santiago",Detective,6,S06E09,MURDER,QUEENS,DISMISSED,27,24,26.7,NULL,59,,2021-05-07
99-1648,"Terry Jeffords",Sergeant,6,S06E18,"DRUG POSESSION",BROOKLYN,DISMISSED,14,42,76.3,NULL,35,,2019-05-29
99-1649,"Charles Boyle",Detective,3,S03E12,"GRAND LARCENY",QUEENS,DISMISSED,11,58,48.3,77589,46,,2015-03-01
99-1650,"Amy Santiago",Detective,3,S03E14,ROBBERY,QUEENS,CLOSED,35,26,69.2,99306,55,"I want to go to there",2020-02-15
99-1651,"Gina Linetti",Administrator,2,S02E08,STALKING,BROOKLYN,ONGOING,31,21,70,93135,26,Nine-Nine!,2020-04-05
99-1653,"Gina Linetti",Administrator,1,S01E23,STALKING,MANHATTAN,"UNDER INVESTIGATION",2,61,49.3,NULL,30,,2014-12-02
99-1655,"Terry Jeffords",Sergeant,8,S08E18,ROBBERY,QUEENS,DISMISSED,35,82,41.8,0,33,,2019-02-24
99-1657,"Rosa Diaz",Detective,7,S07E14,"GRAND LARCENY",MANHATTAN,DISMISSED,5,53,32.2,NULL,68,,2013-09-29
99-1658,"Raymond Holt",Captain,3,S03E22,ASSAULT,QUEENS,OPEN,34,60,77.9,96313,67,,2016-03-04
99-1659,"Jake Peralta",Detective,4,S04E15,FRAUD,BRONX,"UNDER INVESTIGATION",48,79,47.8,78331,58,,2015-02-01
99-1660,"Rosa Diaz",Detective,6,S06E22,STALKING,BROOKLYN,CLOSED,1,86,47.2,101316,38,,NULL
99-1661,"Gina Linetti",Administrator,5,S05E13,"DRUG POSESSION",MANHATTAN,"COLD CASE",6,73,21.4,NULL,71,,2017-02-14
99-1662,"Rosa Diaz",Detective,6,S06E08,ROBBERY,BROOKLYN,"UNDER INVESTIGATION",44,51,50.2,76821,37,Bingpot!,2013-12-20
99-1663,"Michael Hitchcock",Sergeant,8,S08E07,ASSAULT,BROOKLYN,OPEN,43,75,63.3,77371,72,"Halloween Heist Champion",2017-01-25
99-1664,"Gina Linetti",Administrator,7,S07E12,MURDER,BROOKLYN,OPEN,48,82,36.5,60958,65,,2017-05-01
99-1665,"Jake Peralta",Detective,5,S05E03,VANDALISM,"STATEN  ISLAND","UNDER INVESTIGATION",50,84,45.4,101930,37,"Get that bread",2016-02-04
99-1667,"Charles Boyle",Detective,5,S05E11,STALKING,BRONX,"UNDER INVESTIGATION",23,13,68.1,109166,44,,2021-08-11
99-1668,"Michael Hitchcock",Detective,5,S05E07,FRAUD,BROOKLYN,"UNDER INVESTIGATION",48,52,58.9,88646,39,,2015-12-25
99-1669,NULL,Detective,6,S06E07,ASSAULT,QUEENS,OPEN,47,96,58.9,117763,53,"I want to go to there",2021-08-07
99-1670,"Norm Scully",Detective,2,S02E20,VANDALISM,"STATEN  ISLAND","IN PROGRESS",37,56,41.5,62230,28,"The squad has arrived",2020-04-10
99-1671,"Raymond Holt",Captain,8,S08E07,ROBBERY,"STATEN  ISLAND","UNDER INVESTIGATION",3,20,44.9,103340,17,,2018-12-15
99-1672,"Rosa Diaz",Detective,3,S03E12,ASSAULT,MANHATTAN,OPEN,0,47,44.9,106269,27,,2014-02-21
99-1674,"Terry Jeffords",Sergeant,7,S07E21,BURGLARY,BROOKLYN,ONGOING,33,97,26.8,69402,62,,2014-06-11
99-1675,"Norm Scully",Detective,7,S07E05,ROBBERY,"STATEN  ISLAND",CLOSED,15,70,30.6,71935,75,,2021-07-01
99-1676,NULL,Detective,3,S03E20,"DRUG  POSSESSION",MANHATTAN,CLOSED,30,30,51.3,88837,73,,2014-05-15
99-1677,"Jake Peralta",Detective,8,S08E09,ARSON,BROOKLYN,"IN PROGRESS",27,60,34.9,98849,18,,2014-06-23
99-1679,"Terry Jeffords",Sergeant,2,S02E18,FRAUD,MANHATTAN,"IN PROGRESS",5,39,55.7,104330,20,Nine-Nine!,2016-11-14
99-1680,"Raymond Holt",Captain,8,S08E19,"DRUG POSESSION","STATEN  ISLAND",CLOSED,43,72,71.5,100228,67,,2018-12-02
99-1682,"Terry Jeffords",Sergeant,2,S02E12,VANDALISM,BRONX,"UNDER INVESTIGATION",43,37,29.2,90972,43,,2017-02-22
99-1683,NULL,Detective,2,S02E07,"GRAND LARCENY",QUEENS,OPEN,11,21,68.1,110290,32,,2020-07-31
99-1686,"Michael Hitchcock",Detective,7,S07E23,VANDALISM,BRONX,DISMISSED,13,79,52.7,97822,24,,2014-04-20
99-1687,"Michael Hitchcock",Detective,3,S03E16,FRAUD,BROOKLYN,CLOSED,25,47,78.9,115951,15,,2021-04-26
99-1688,"Raymond Holt",Captain,3,S03E03,ARSON,BROOKLYN,DISMISSED,50,66,70.8,NULL,21,,2018-05-11
99-1690,"Jake Peralta",Detective,1,S01E08,VANDALISME,BROOKLYN,"IN PROGRESS",4,37,55.9,NULL,26,"Get that bread",2015-01-09
99-1691,"Rosa Diaz",Detective,6,S06E20,ARSON,"STATEN  ISLAND",CLOSED,23,64,29.4,79961,45,,2014-04-11
99-1693,"Norm Scully",Detective,1,S01E01,BURGLARY,MANHATTAN,"COLD CASE",21,93,36.2,112646,27,,2014-04-04
99-1695,"Terry Jeffords",Sergeant,4,S04E19,FRAUD,BRONX,OPEN,19,16,65.3,118494,35,,NULL
99-1697,NULL,Detective,7,S07E20,ASSAULT,BROOKLYN,CLOSED,46,20,70,72023,73,"Halloween Heist Champion",2016-12-16
99-1698,NULL,Detective,6,S06E16,"DRUG POSSESSION",QUEENS,DISMISSED,24,92,74,78912,35,,2020-12-28
99-1699,"Gina Linetti",Administrator,2,S02E21,VANDALISM,QUEENS,"COLD CASE",7,46,69.3,0,27,"Cool cool cool cool cool",2017-12-15
99-1700,NULL,Detective,7,S07E10,STALKING,QUEENS,DISMISSED,11,35,61.2,85664,37,"Halloween Heist Champion",2016-07-14
99-1701,"Rosa Diaz",Detective,8,S08E11,VANDALISM,QUEENS,"COLD CASE",44,28,65.9,81657,40,"Get that bread",2019-06-29
99-1702,"Amy Santiago",Detective,6,S06E04,"GRAND LARCENY",MANHATTAN,DISMISSED,37,78,49.9,89457,19,,2020-07-08
99-1703,"Jake Peralta",Detective,4,S04E02,ARSON,"STATEN  ISLAND",CLOSED,21,61,36.9,78753,26,,2021-08-10
99-1704,"Jake Peralta",Detective,1,S01E01,MURDER,"STATEN  ISLAND","UNDER INVESTIGATION",15,31,44.8,95388,16,"Cool cool cool cool cool",2017-04-16
99-1705,"Amy Santiago",Detective,6,S06E02,ROBERRY,QUEENS,OPEN,38,54,66.1,60440,25,"Halloween Heist Champion",2016-03-25
99-1708,NULL,Detective,7,S07E23,"GRAND LARCENY",QUEENS,OPEN,2,17,35.5,56856,33,"Halloween Heist Champion",2019-09-28
99-1709,"Gina Linetti",Administrator,3,S03E04,BURGLARY,QUEENS,"COLD CASE",34,74,27.2,112028,57,,2013-09-10
99-1712,"Charles Boyle",Detective,7,S07E01,ASSAULT,MANHATTAN,"UNDER INVESTIGATION",43,90,75.4,117672,30,"Cool cool cool cool cool",2016-07-23
99-1713,"Raymond Holt",Captain,5,S05E17,"GRAND LARCENY","STATEN  ISLAND",CLOSED,24,43,30.9,86345,62,"The squad has arrived",2013-07-09
99-1714,"Michael Hitchcock",Detective,2,S02E11,ROBBERY,"STATEN  ISLAND",DISMISSED,1,34,47.9,95265,57,,2017-07-26
99-1715,"Raymond Holt",Captain,8,S08E02,MURDER,"STATEN  ISLAND",DISMISSED,12,44,37.7,0,64,"Cool cool cool cool cool",2021-04-20
99-1716,"Terry Jeffords",Sergeant,7,S07E06,ASSAULT,BROOKLYN,CLOSED,22,94,25.7,97732,19,,2015-03-25
99-1717,"Gina Linetti",Administrator,6,S06E22,FRAUD,BROOKLYN,OPEN,46,60,53.3,99133,15,,2021-01-21
99-1719,"Raymond Holt",Captain,1,S01E22,BURGLARY,QUEENS,ONGOING,27,64,23,72324,70,,2015-05-02
99-1722,"Raymond Holt",Captain,6,S06E16,FRAUD,BROOKLYN,CLOSED,16,2,48.6,65058,46,,2020-10-27
99-1725,"Jake Peralta",Detective,8,S08E01,BURGLARY,QUEENS,OPEN,38,18,71.4,NULL,64,"I am a human person",2015-08-17
99-1726,"Rosa Diaz",Detective,1,S01E13,BURGLARY,BRONX,DISMISSED,8,33,36.1,0,73,,2020-10-07
99-1727,"Terry Jeffords",Sergeant,3,S03E04,"GRAND LARCENY",QUEENS,DISMISSED,13,16,62,NULL,32,"I want to go to there",2015-06-20
99-1728,"Jake Peralta",Detective,4,S04E08,VANDALISM,"STATEN  ISLAND",OPEN,17,47,70.1,62021,51,Noice,2014-03-03
99-1729,"Rosa Diaz",Detective,1,S01E04,ARSON,BROOKLYN,CLOSED,47,76,65.9,115890,61,,NULL
99-1731,"Raymond Holt",Captain,8,S08E16,"DRUG POSSESSION","STATEN  ISLAND",DISMISSED,7,67,64.4,82641,48,Noice,NULL
99-1732,"Terry Jeffords",Sergeant,8,S08E07,MURDER,MANHATTAN,OPEN,22,2,71.3,92458,18,,2018-01-30
99-1733,"Rosa Diaz",Detective,6,S06E02,ASSAULT,QUEENS,DISMISSED,33,21,38.8,70000,27,"Halloween Heist Champion",2021-06-08
99-1734,"Amy Santiago",Detective,8,S08E03,"GRAND LARCENY",BROOKLYN,OPEN,14,53,61.4,67615,19,,2021-01-30
99-1735,NULL,Detective,8,S08E16,STALKING,QUEENS,"COLD CASE",6,90,52.7,83320,24,,2016-11-20
99-1736,NULL,Detective,7,S07E19,VANDALISM,BRONX,"COLD CASE",43,32,47.9,92751,53,Bingpot!,2019-06-16
99-1737,"Raymond Holt",Captain,4,S04E08,MURDER,BROOKLYN,ONGOING,44,57,60.4,78595,49,Nine-Nine!,NULL
99-1738,"Raymond Holt",Captain,3,S03E12,"GRAND LARCENY",BRONX,"UNDER INVESTIGATION",50,50,75,113993,24,Nine-Nine!,2020-11-17
99-1741,NULL,Detective,5,S05E08,ASSAULT,BRONX,"COLD CASE",48,10,69.2,98945,18,,2014-11-15
99-1744,"Norm Scully",Detective,2,S02E02,BURGLERY,MANHATTAN,"COLD CASE",17,53,23.5,81917,60,,NULL
99-1745,"Gina Linetti",Administrator,8,S08E03,BURGLERY,MANHATTAN,CLOSED,29,79,27.3,86156,66,"I am a human person",NULL
99-1746,NULL,Detective,3,S03E10,"GRAND LARCENY",BROOKLYN,"IN PROGRESS",11,49,77.8,83640,22,,2018-06-05
99-1747,"Jake Peralta",Detective,5,S05E10,ASSAULT,MANHATTAN,"COLD CASE",8,5,29.8,103507,45,,2013-02-13
99-1748,"Jake Peralta",Detective,1,S01E12,VANDALISM,QUEENS,DISMISSED,18,96,61.8,90285,24,"Halloween Heist Champion",2014-08-08
99-1749,"Gina Linetti",Administrator,5,S05E19,ASSAULT,MANHATTAN,DISMISSED,47,21,60.7,0,50,,2019-07-03
99-1751,"Terry Jeffords",Sergeant,1,S01E15,VANDALISM,BROOKLYN,OPEN,4,38,50,91225,50,,2015-06-15
99-1752,"Jake Peralta",Detective,5,S05E06,BURGLARY,"STATEN  ISLAND","COLD CASE",13,19,51.4,79264,24,,2021-03-19
99-1753,NULL,Detective,6,S06E09,ARSON,QUEENS,DISMISSED,1,50,73,75400,72,,2021-12-27
99-1754,"Raymond Holt",Captain,3,S03E15,STALKING,MANHATTAN,"UNDER INVESTIGATION",4,6,31.8,NULL,48,,2014-08-31
99-1755,"Gina Linetti",Administrator,1,S01E06,"GRAND LARCENY",QUEENS,"UNDER INVESTIGATION",19,86,78.8,94895,40,,2016-12-15
99-1757,"Raymond Holt",Captain,2,S02E16,ASSAULT,BRONX,ONGOING,33,63,60.1,NULL,16,Bingpot!,2018-08-02
99-1759,"Raymond Holt",Captain,6,S06E13,FRAUD,MANHATTAN,"UNDER INVESTIGATION",31,15,71.1,80393,51,,2013-02-19
99-1760,"Terry Jeffords",Sergeant,3,S03E09,STALKING,QUEENS,DISMISSED,50,7,63.5,109753,19,Noice,2015-01-12
99-1763,"Charles Boyle",Detective,4,S04E05,BURGLERY,QUEENS,DISMISSED,47,5,24.6,115591,31,"Title of your sex tape",2018-11-01
99-1765,"Michael Hitchcock",Detective,3,S03E12,BURGLARY,"STATEN  ISLAND","IN PROGRESS",40,65,68.2,111963,73,"The squad has arrived",2015-09-26
99-1766,"Gina Linetti",Administrator,8,S08E20,ASSAULT,QUEENS,"COLD CASE",31,1,23.7,84014,22,,NULL
99-1767,"Norm Scully",Detective,2,S02E15,ROBERRY,BRONX,CLOSED,0,9,46.5,80719,29,,2015-08-05
99-1768,"Rosa Diaz",Detective,4,S04E03,ARSON,"STATEN  ISLAND","UNDER INVESTIGATION",31,72,31,64230,46,,2014-06-16
99-1769,"Gina Linetti",Administrator,5,S05E03,VANDALISM,BRONX,"COLD CASE",14,91,31,NULL,32,Nine-Nine!,2014-01-10
99-1770,"Amy Santiago",Detective,3,S03E05,MURDER,QUEENS,"COLD CASE",7,54,30.6,65070,65,,2015-07-08
99-1772,NULL,Detective,6,S06E04,ROBBERY,BRONX,OPEN,10,67,36,NULL,53,,2013-11-04
99-1773,"Terry Jeffords",Sergeant,2,S02E07,"DRUG POSSESSION",BROOKLYN,ONGOING,41,83,50.8,56292,21,,2017-01-06
99-1775,"Gina Linetti",Administrator,7,S07E16,ROBERRY,MANHATTAN,"UNDER INVESTIGATION",42,69,75.8,55244,63,,2018-09-12
99-1776,"Charles Boyle",Detective,6,S06E18,"DRUG POSSESSION",MANHATTAN,OPEN,49,5,20.7,NULL,41,,2020-10-10
99-1777,"Rosa Diaz",Detective,2,S02E02,"DRUG  POSSESSION",BRONX,OPEN,10,91,21.6,115038,33,Bingpot!,2016-08-26
99-1778,"Amy Santiago",Detective,8,S08E22,STALKING,QUEENS,OPEN,26,28,43.8,NULL,35,Nine-Nine!,2013-06-02
99-1779,"Raymond Holt",Captain,6,S06E05,VANDALISME,BRONX,"COLD CASE",40,93,24.4,76493,59,,2013-03-24
99-1781,NULL,Detective,2,S02E21,ROBBERY,"STATEN  ISLAND","UNDER INVESTIGATION",8,28,21.3,70501,46,Bingpot!,2018-03-30
99-1783,"Michael Hitchcock",Administrator,5,S05E22,VANDALISM,BROOKLYN,"IN PROGRESS",22,89,56.2,NULL,16,Bingpot!,2015-11-18
99-1784,"Gina Linetti",Administrator,3,S03E07,STALKING,BROOKLYN,DISMISSED,37,29,68.9,82197,53,,2021-10-09
99-1785,"Jake Peralta",Detective,1,S01E11,ASSAULT,BRONX,ONGOING,12,63,22.9,64950,45,,NULL
99-1786,"Rosa Diaz",Detective,2,S02E16,BURGLERY,QUEENS,"COLD CASE",6,40,44,112697,52,,2013-06-11
99-1788,"Gina Linetti",Administrator,5,S05E22,BURGLARY,QUEENS,"COLD CASE",7,64,76,NULL,72,,2015-07-13
99-1789,"Terry Jeffords",Sergeant,4,S04E02,ARSON,QUEENS,OPEN,44,4,37.1,0,39,Nine-Nine!,2018-12-30
99-1790,"Raymond Holt",Captain,4,S04E08,MURDER,MANHATTAN,DISMISSED,4,93,27.4,64944,41,"The squad has arrived",2014-06-15
99-1793,"Terry Jeffords",Sergeant,3,S03E08,ARSON,BROOKLYN,CLOSED,19,35,73,105168,40,,NULL
99-1794,"Amy Santiago",Detective,6,S06E14,STALKING,QUEENS,OPEN,20,69,67.7,98815,39,,2013-09-17
99-1795,"Rosa Diaz",Detective,1,S01E17,STALKING,MANHATTAN,OPEN,28,50,20.7,71812,71,,2020-05-01
99-1798,NULL,Detective,5,S05E19,BURGLARY,BRONX,CLOSED,18,64,47.3,86934,15,,2013-09-17
99-1800,"Terry Jeffords",Sergeant,1,S01E04,STALKING,BRONX,"COLD CASE",18,93,46,NULL,42,"I want to go to there",2013-05-10
99-1801,"Gina Linetti",Administrator,3,S03E16,ROBERRY,BROOKLYN,"COLD CASE",4,35,78.7,63982,74,"Title of your sex tape",2017-06-20
99-1803,"Raymond Holt",Captain,1,S01E03,BURGLARY,"STATEN  ISLAND","COLD CASE",13,47,27.7,NULL,27,,2015-03-23
99-1804,"Jake Peralta",Detective,8,S08E23,STALKING,"STATEN  ISLAND",DISMISSED,3,51,54.7,NULL,31,,2016-11-06
99-1806,"Gina Linetti",Administrator,5,S05E13,ARSON,BROOKLYN,OPEN,34,97,21.6,80226,59,,2019-02-24
99-1808,"Terry Jeffords",Sergeant,7,S07E10,ARSON,MANHATTAN,"UNDER INVESTIGATION",16,9,38.7,61944,17,"I am a human person",2015-10-29
99-1810,"Gina Linetti",Administrator,3,S03E16,"DRUG  POSSESSION",MANHATTAN,DISMISSED,16,7,40.3,67402,53,,2018-05-20
99-1812,"Amy Santiago",Detective,1,S01E03,VANDALISM,QUEENS,CLOSED,16,13,65.4,74695,61,"I want to go to there",2014-02-14
99-1814,"Jake Peralta",Detective,5,S05E09,"GRAND LARCENY",QUEENS,CLOSED,33,63,76.1,NULL,51,"Halloween Heist Champion",2014-08-23
99-1816,"Rosa Diaz",Detective,4,S04E06,ROBBERY,BRONX,CLOSED,47,29,49,107868,56,Noice,2020-09-20
99-1817,"Rosa Diaz",Detective,6,S06E18,BURGLARY,BROOKLYN,CLOSED,28,28,37.4,88304,38,,2018-07-05
99-1819,"Amy Santiago",Detective,8,S08E21,BURGLERY,QUEENS,OPEN,32,26,34.7,NULL,64,,2014-06-03
99-1820,"Rosa Diaz",Detective,2,S02E06,FRAUD,MANHATTAN,OPEN,40,2,66.6,55737,19,,2018-04-16
99-1821,"Raymond Holt",Captain,4,S04E08,ASSAULT,MANHATTAN,OPEN,2,37,55.7,106641,71,,2015-01-06
99-1822,"Rosa Diaz",Detective,4,S04E01,MURDER,QUEENS,"COLD CASE",7,9,44.1,112863,58,,2020-02-12
99-1823,"Amy Santiago",Detective,1,S01E02,ARSON,BROOKLYN,"COLD CASE",15,81,46,57936,60,"I am a human person",2014-05-13
99-1824,"Gina Linetti",Administrator,5,S05E08,FRAUD,MANHATTAN,"COLD CASE",46,49,53.8,81267,61,,2014-12-12
99-1826,"Charles Boyle",Detective,5,S05E20,"DRUG POSESSION",BROOKLYN,OPEN,5,50,72.9,NULL,28,,2017-04-02
99-1829,NULL,Detective,2,S02E01,ROBERRY,BRONX,DISMISSED,43,25,25.5,79910,54,,2014-03-03
99-1830,"Gina Linetti",Administrator,7,S07E17,STALKING,BRONX,CLOSED,38,27,61,59357,46,,2016-07-30
99-1831,"Norm Scully",Detective,1,S01E07,"DRUG  POSSESSION",QUEENS,CLOSED,46,23,29.5,82111,48,,2014-10-26
99-1832,"Michael Hitchcock",Detective,8,S08E20,VANDALISME,"STATEN  ISLAND","UNDER INVESTIGATION",28,77,43.4,63820,70,,2020-05-07
99-1834,"Terry Jeffords",Sergeant,6,S06E12,BURGLARY,MANHATTAN,OPEN,4,59,54.7,111041,20,,2014-01-02
99-1835,"Terry Jeffords",Sergeant,4,S04E08,"DRUG POSSESSION",BRONX,"UNDER INVESTIGATION",22,42,21,NULL,62,,2020-09-08
99-1836,"Rosa Diaz",Detective,2,S02E20,ASSAULT,"STATEN  ISLAND","COLD CASE",43,20,54.9,66932,56,,2015-05-24
99-1839,"Amy Santiago",Detective,5,S05E21,ARSON,"STATEN  ISLAND",DISMISSED,18,25,31.8,65221,28,"The squad has arrived",2014-02-01
99-1840,"Terry Jeffords",Sergeant,1,S01E11,VANDALISM,"STATEN  ISLAND",DISMISSED,6,50,41.1,111378,57,"Get that bread",2013-04-19
99-1841,NULL,Detective,7,S07E05,ASSAULT,MANHATTAN,OPEN,9,83,52.5,106977,56,,2017-03-29
99-1842,"Raymond Holt",Captain,6,S06E15,"GRAND LARCENY",BRONX,DISMISSED,25,45,59.6,101750,62,,2017-05-12
99-1844,"Amy Santiago",Detective,3,S03E10,MURDER,"STATEN  ISLAND",CLOSED,2,89,45.6,119032,47,,NULL
99-1847,"Charles Boyle",Detective,7,S07E02,"DRUG  POSSESSION",BROOKLYN,"UNDER INVESTIGATION",19,71,37.4,102594,26,,2018-01-31
99-1850,NULL,Detective,2,S02E11,ARSON,MANHATTAN,DISMISSED,22,65,27.7,96370,31,,2016-04-29
99-1852,"Norm Scully",Detective,3,S03E19,MURDER,BRONX,CLOSED,1,39,20.2,NULL,21,,2015-01-21
99-1853,"Amy Santiago",Detective,8,S08E04,"GRAND LARCENY",BROOKLYN,"COLD CASE",2,74,71,82694,16,"Get that bread",2019-09-12
99-1857,"Charles Boyle",Detective,4,S04E22,MURDER,BROOKLYN,OPEN,19,14,25.5,106212,58,Noice,2018-05-03
99-1859,"Jake Peralta",Detective,7,S07E19,STALKING,"STATEN  ISLAND",DISMISSED,35,99,45.1,83385,49,,2018-10-16
99-1860,"Michael Hitchcock",Detective,8,S08E10,"DRUG  POSSESSION","STATEN  ISLAND","IN PROGRESS",16,80,42,83898,62,,2016-12-11
99-1861,"Gina Linetti",Administrator,3,S03E08,"DRUG POSSESSION",QUEENS,"IN PROGRESS",48,20,49.5,NULL,34,,2021-07-28
99-1864,"Raymond Holt",Captain,4,S04E18,STALKING,QUEENS,OPEN,45,42,42.5,111724,24,Noice,2018-10-13
99-1866,"Terry Jeffords",Sergeant,7,S07E16,FRAUD,"STATEN  ISLAND","COLD CASE",12,42,40.6,114843,20,,2014-06-09
99-1867,"Jake Peralta",Detective,8,S08E15,ASSAULT,BROOKLYN,OPEN,3,97,30.9,107697,28,,2013-10-14
99-1868,"Amy Santiago",Detective,4,S04E22,ASSAULT,BRONX,"COLD CASE",24,14,44,0,42,,2014-03-15
99-1870,"Norm Scully",Detective,3,S03E11,"DRUG POSESSION",BROOKLYN,"COLD CASE",41,15,79.4,107266,42,,2013-02-10
99-1871,"Raymond Holt",Captain,3,S03E17,"DRUG  POSSESSION",BROOKLYN,OPEN,47,19,65.2,102908,60,,2020-12-12
99-1872,"Michael Hitchcock",Detective,5,S05E08,BURGLARY,BRONX,"UNDER INVESTIGATION",21,89,61.9,0,57,,2016-04-21
99-1873,NULL,Detective,5,S05E15,ROBBERY,QUEENS,CLOSED,26,60,73.4,0,22,,2016-11-07
99-1874,"Rosa Diaz",Detective,3,S03E15,BURGLARY,MANHATTAN,DISMISSED,30,91,73.7,93225,17,,2013-02-20
99-1875,"Charles Boyle",Detective,7,S07E06,BURGLERY,BROOKLYN,"COLD CASE",8,35,46.7,63683,47,,2018-04-04
99-1876,"Terry Jeffords",Sergeant,2,S02E02,MURDER,QUEENS,DISMISSED,37,20,42.5,102099,72,,2020-11-27
99-1877,"Terry Jeffords",Sergeant,3,S03E16,ROBBERY,BROOKLYN,CLOSED,20,70,42.6,87831,33,,2018-08-14
99-1879,"Terry Jeffords",Sergeant,4,S04E03,MURDER,MANHATTAN,"COLD CASE",9,25,31.9,60495,20,,2015-03-15
99-1880,"Raymond Holt",Captain,8,S08E05,ASSAULT,BRONX,"COLD CASE",25,92,79.4,NULL,32,,2017-05-29
99-1881,"Gina Linetti",Administrator,7,S07E16,"GRAND LARCENY",MANHATTAN,"IN PROGRESS",41,60,34.2,100312,33,Noice,2014-07-31
99-1882,"Jake Peralta",Detective,8,S08E05,ROBBERY,BROOKLYN,"COLD CASE",3,83,52.4,64464,36,,2019-01-22
99-1883,NULL,Detective,3,S03E03,ARSON,QUEENS,OPEN,3,43,37.7,NULL,70,,2013-07-14
99-1885,"Gina Linetti",Administrator,6,S06E23,VANDALISM,MANHATTAN,"COLD CASE",32,76,74.4,NULL,50,,2019-07-01
99-1886,"Jake Peralta",Detective,1,S01E07,ASSAULT,BRONX,"UNDER INVESTIGATION",42,81,71.1,106905,43,"Cool cool cool cool cool",2014-10-23
99-1887,"Gina Linetti",Administrator,7,S07E01,"DRUG  POSSESSION",BRONX,CLOSED,16,64,27.6,56914,20,,2020-04-02
99-1888,"Jake Peralta",Detective,8,S08E02,BURGLARY,QUEENS,"COLD CASE",33,96,23.7,102932,64,,2017-01-21
99-1889,"Terry Jeffords",Sergeant,6,S06E03,BURGLERY,BROOKLYN,"COLD CASE",10,35,25.7,NULL,37,,2014-11-29
99-1890,"Amy Santiago",Detective,6,S06E13,ARSON,BRONX,CLOSED,28,40,27.3,NULL,41,Bingpot!,2013-06-17
99-1891,"Raymond Holt",Captain,3,S03E05,MURDER,QUEENS,CLOSED,33,72,60.6,95842,32,,2019-07-29
99-1892,"Amy Santiago",Detective,8,S08E01,ROBBERY,BRONX,DISMISSED,47,11,25.1,62981,48,,NULL
99-1893,"Raymond Holt",Captain,6,S06E06,VANDALISME,"STATEN  ISLAND",CLOSED,18,7,40.9,NULL,59,,2020-06-05
99-1895,"Terry Jeffords",Sergeant,2,S02E22,MURDER,"STATEN  ISLAND",OPEN,11,45,62.4,NULL,63,,2019-08-28
99-1896,"Jake Peralta",Detective,5,S05E06,MURDER,"STATEN  ISLAND",ONGOING,33,46,76.9,117778,21,"I want to go to there",2021-09-01
99-1897,"Rosa Diaz",Detective,5,S05E08,"GRAND LARCENY",BROOKLYN,OPEN,18,61,40.1,94129,41,,2020-01-16
99-1898,NULL,Detective,1,S01E19,ARSON,QUEENS,OPEN,39,21,70.3,102767,65,,2021-11-29
99-1899,"Gina Linetti",Administrator,1,S01E20,"DRUG POSSESSION",BRONX,DISMISSED,20,87,63.7,NULL,75,,2013-06-17
99-1900,"Gina Linetti",Administrator,2,S02E15,VANDALISM,MANHATTAN,CLOSED,31,30,48.3,99754,28,,NULL
99-1901,"Jake Peralta",Detective,6,S06E22,"DRUG POSESSION",BROOKLYN,CLOSED,33,41,23.4,119038,75,"Get that bread",2016-05-18
99-1902,"Amy Santiago",Detective,1,S01E21,ASSAULT,MANHATTAN,OPEN,49,62,21.1,NULL,48,,2021-02-27
99-1903,"Michael Hitchcock",Captain,3,S03E06,VANDALISM,BRONX,CLOSED,43,9,27.5,NULL,31,,2021-02-23
99-1904,"Amy Santiago",Detective,4,S04E23,FRAUD,BROOKLYN,"COLD CASE",18,60,27.8,107591,32,,2020-11-23
99-1905,"Gina Linetti",Administrator,6,S06E04,ARSON,BROOKLYN,CLOSED,47,10,53.9,118804,58,Noice,2013-06-24
99-1906,"Raymond Holt",Captain,5,S05E12,BURGLARY,MANHATTAN,"COLD CASE",32,92,38.6,103973,28,,2019-04-19
99-1907,"Terry Jeffords",Sergeant,4,S04E17,BURGLARY,BROOKLYN,"COLD CASE",2,26,71.4,94625,16,,2016-04-01
99-1908,"Charles Boyle",Detective,6,S06E12,ROBBERY,MANHATTAN,"UNDER INVESTIGATION",16,55,62.4,80423,59,,2013-11-01
99-1909,"Jake Peralta",Detective,1,S01E04,"DRUG POSESSION",BRONX,OPEN,30,20,71.6,NULL,64,,2018-04-29
99-1910,"Raymond Holt",Captain,7,S07E19,VANDALISM,BROOKLYN,DISMISSED,8,10,70.4,88316,26,"I am a human person",2016-07-03
99-1911,"Amy Santiago",Detective,2,S02E07,STALKING,BRONX,"COLD CASE",4,21,27.1,103278,57,,2017-05-28
99-1913,"Amy Santiago",Detective,3,S03E02,ARSON,MANHATTAN,OPEN,24,50,77.1,111450,55,,2019-10-11
99-1914,"Terry Jeffords",Sergeant,2,S02E05,"GRAND LARCENY",QUEENS,CLOSED,11,93,28.9,75082,25,,2021-01-20
99-1916,"Michael Hitchcock",Detective,6,S06E09,"GRAND LARCENY",BRONX,ONGOING,42,64,63.3,90218,42,,2018-11-27
99-1917,"Norm Scully",Detective,3,S03E19,ARSON,"STATEN  ISLAND","UNDER INVESTIGATION",9,86,58,71775,37,,2014-08-23
99-1918,"Norm Scully",Detective,1,S01E16,VANDALISME,BROOKLYN,"COLD CASE",3,15,64.2,95385,41,,2016-04-16
99-1919,"Raymond Holt",Captain,4,S04E04,"DRUG POSESSION","STATEN  ISLAND","COLD CASE",46,39,62.8,94901,31,,2017-03-31
99-1920,"Michael Hitchcock",Detective,1,S01E09,BURGLERY,MANHATTAN,CLOSED,29,54,33.5,NULL,26,,2018-11-15
99-1921,"Rosa Diaz",Detective,6,S06E15,"DRUG POSESSION","STATEN  ISLAND","UNDER INVESTIGATION",23,90,27.4,NULL,23,,2015-12-15
99-1922,"Jake Peralta",Detective,1,S01E18,ARSON,MANHATTAN,OPEN,46,35,34.8,NULL,37,"The squad has arrived",2020-07-26
99-1926,"Norm Scully",Detective,7,S07E17,MURDER,BRONX,"UNDER INVESTIGATION",39,36,74,77126,27,,2013-05-30
99-1928,"Amy Santiago",Detective,1,S01E10,"DRUG  POSSESSION",BRONX,DISMISSED,16,7,24,97062,30,"Halloween Heist Champion",2014-10-19
99-1930,NULL,NULL,7,S07E22,ARSON,MANHATTAN,CLOSED,34,34,42.7,99603,62,,2014-04-07
99-1932,"Gina Linetti",Administrator,5,S05E20,ASSAULT,BRONX,OPEN,6,49,41.5,81776,53,,2018-07-13
99-1935,NULL,Detective,2,S02E07,ASSAULT,MANHATTAN,CLOSED,36,2,53.9,NULL,43,,2014-05-23
99-1936,"Amy Santiago",Detective,4,S04E11,MURDER,MANHATTAN,"UNDER INVESTIGATION",11,13,21.2,NULL,27,"The squad has arrived",2018-04-27
99-1937,"Gina Linetti",Administrator,3,S03E14,ASSAULT,QUEENS,OPEN,2,17,56.2,98187,17,,2016-07-13
99-1938,"Terry Jeffords",Sergeant,7,S07E10,ARSON,BRONX,DISMISSED,48,52,67.7,87050,19,,NULL
99-1939,"Terry Jeffords",Sergeant,6,S06E21,"DRUG POSSESSION",QUEENS,CLOSED,7,97,70,66044,66,,2020-11-22
99-1940,"Terry Jeffords",Sergeant,7,S07E20,"GRAND LARCENY",MANHATTAN,"IN PROGRESS",42,2,36.1,NULL,68,,NULL
99-1941,"Raymond Holt",Captain,5,S05E05,ASSAULT,MANHATTAN,DISMISSED,15,47,62.6,55203,36,Nine-Nine!,NULL
99-1942,"Charles Boyle",Detective,1,S01E13,"GRAND LARCENY",MANHATTAN,ONGOING,34,93,31.9,105007,56,,2015-01-04
99-1943,NULL,Detective,7,S07E07,STALKING,BRONX,OPEN,0,55,54.5,113966,50,Nine-Nine!,2017-07-25
99-1944,"Norm Scully",Detective,7,S07E05,"GRAND LARCENY",BROOKLYN,OPEN,6,44,20.1,0,28,,2020-09-24
99-1947,"Norm Scully",Detective,5,S05E12,MURDER,MANHATTAN,"COLD CASE",38,24,69.1,86169,64,,2019-07-30
99-1948,"Amy Santiago",Detective,7,S07E15,"GRAND LARCENY",MANHATTAN,CLOSED,25,50,36.7,117240,55,,2019-07-14
99-1950,"Terry Jeffords",Sergeant,5,S05E10,"GRAND LARCENY",MANHATTAN,OPEN,32,87,33.9,0,20,"I want to go to there",2019-12-01
99-1951,"Amy Santiago",Detective,6,S06E18,ROBBERY,"STATEN  ISLAND",OPEN,37,59,32.2,59801,68,,2013-07-22
99-1953,NULL,NULL,8,S08E06,ASSAULT,MANHATTAN,CLOSED,6,92,36.7,56593,46,,2016-10-11
99-1954,"Amy Santiago",Detective,1,S01E12,ROBERRY,MANHATTAN,DISMISSED,0,16,55.9,107835,28,"I am a human person",2021-12-19
99-1955,"Gina Linetti",Administrator,5,S05E01,VANDALISME,BRONX,CLOSED,38,38,80,102976,62,,2017-04-22
99-1958,"Terry Jeffords",Sergeant,7,S07E17,STALKING,MANHATTAN,"COLD CASE",48,42,60.5,NULL,34,,2014-10-08
99-1959,"Rosa Diaz",Detective,5,S05E04,"DRUG POSSESSION",BRONX,"COLD CASE",10,21,43.1,91133,29,"Halloween Heist Champion",2017-09-20
99-1960,"Raymond Holt",Captain,5,S05E22,FRAUD,MANHATTAN,OPEN,25,51,58.4,NULL,67,"Title of your sex tape",2018-07-21
99-1963,"Rosa Diaz",Detective,7,S07E07,VANDALISM,BROOKLYN,"COLD CASE",46,38,27.7,105203,23,,2017-10-10
99-1964,"Terry Jeffords",Sergeant,4,S04E20,BURGLARY,MANHATTAN,"COLD CASE",16,5,49.1,85425,50,"Get that bread",2020-06-16
99-1965,"Gina Linetti",Administrator,3,S03E10,ASSAULT,"STATEN  ISLAND",CLOSED,29,36,57,60793,67,,2019-09-17
99-1966,"Gina Linetti",Administrator,2,S02E16,ROBBERY,BROOKLYN,"UNDER INVESTIGATION",46,16,54.5,74125,38,,2021-08-13
99-1968,"Raymond Holt",Captain,5,S05E16,"GRAND LARCENY",QUEENS,OPEN,45,75,52.4,NULL,75,,2013-04-29
99-1969,"Rosa Diaz",Detective,4,S04E18,"GRAND LARCENY",MANHATTAN,"COLD CASE",36,8,44.5,97157,49,"The squad has arrived",2020-07-20
99-1971,"Amy Santiago",Detective,3,S03E23,BURGLARY,QUEENS,CLOSED,3,97,50.5,59707,54,"Halloween Heist Champion",2014-10-01
99-1972,"Terry Jeffords",Sergeant,4,S04E20,VANDALISM,"STATEN  ISLAND",OPEN,45,38,36.8,57025,35,Bingpot!,2018-02-19
99-1974,"Norm Scully",Detective,8,S08E15,"GRAND LARCENY",BROOKLYN,DISMISSED,8,13,34.1,0,43,,NULL
99-1976,NULL,Detective,2,S02E14,MURDER,"STATEN  ISLAND","COLD CASE",35,95,47.8,96751,15,,2014-07-09
99-1977,"Charles Boyle",Detective,7,S07E07,"DRUG POSESSION",MANHATTAN,CLOSED,32,12,79.7,NULL,51,"I am a human person",2018-11-19
99-1978,"Terry Jeffords",Sergeant,3,S03E17,ARSON,BRONX,CLOSED,23,33,42.1,60418,49,,2021-07-30
99-1979,"Raymond Holt",Captain,3,S03E20,ARSON,MANHATTAN,ONGOING,11,76,37.7,96298,54,"Halloween Heist Champion",2017-01-17
99-1980,"Rosa Diaz",Detective,5,S05E04,BURGLARY,BRONX,OPEN,5,33,33.3,NULL,75,"Cool cool cool cool cool",2017-04-20
99-1981,"Norm Scully",Detective,6,S06E02,ARSON,QUEENS,"COLD CASE",22,11,34.2,NULL,43,,NULL
99-1983,"Norm Scully",Detective,4,S04E22,MURDER,BRONX,CLOSED,28,44,79.9,NULL,25,"Get that bread",2018-07-04
99-1984,"Norm Scully",Detective,7,S07E11,BURGLARY,BROOKLYN,"COLD CASE",49,13,79.4,117398,32,,2019-03-28
99-1985,"Michael Hitchcock",Sergeant,4,S04E14,BURGLARY,BROOKLYN,"COLD CASE",48,42,79.9,91893,61,,2018-06-04
99-1987,"Raymond Holt",Captain,8,S08E07,BURGLARY,QUEENS,"COLD CASE",29,68,75.9,86860,65,,2015-03-21
99-1989,"Charles Boyle",Detective,4,S04E11,FRAUD,BROOKLYN,"COLD CASE",5,9,58.6,83901,25,,NULL
99-1990,"Norm Scully",Detective,6,S06E20,ASSAULT,BROOKLYN,"IN PROGRESS",22,45,42.9,NULL,23,,2019-06-02
99-1993,"Michael Hitchcock",Sergeant,7,S07E03,"DRUG POSESSION",MANHATTAN,"COLD CASE",2,27,24.7,57466,41,,2014-08-13
99-1994,"Amy Santiago",Detective,7,S07E02,FRAUD,BRONX,"COLD CASE",41,99,55,NULL,69,"Cool cool cool cool cool",2018-01-23
99-1998,"Jake Peralta",Detective,7,S07E22,ARSON,BROOKLYN,CLOSED,48,22,27.5,NULL,72,"Title of your sex tape",2016-05-26
99-2000,"Norm Scully",Detective,4,S04E14,ASSAULT,"STATEN  ISLAND",DISMISSED,21,63,77.3,109089,25,"Title of your sex tape",2018-01-24
990017,"Rosa Diaz",Detective,2,S02E21,FRAUD,"STATEN  ISLAND",CLOSED,7,10,78.4,0,37,,2013-09-21
990038,"Terry Jeffords",Sergeant,2,S02E03,FRAUD,BROOKLYN,CLOSED,17,47,30.4,NULL,47,,2020-09-23
990052,"Terry Jeffords",Sergeant,1,S01E19,"GRAND LARCENY",BRONX,"COLD CASE",25,30,63.5,93092,65,,2015-03-11
990061,"Amy Santiago",Detective,6,S06E11,FRAUD,BRONX,OPEN,19,89,23.4,94744,54,,2013-06-16
990081,"Jake Peralta",Detective,4,S04E23,VANDALISME,BRONX,DISMISSED,45,9,33.4,61218,37,Noice,2014-08-18
990120,"Rosa Diaz",Detective,6,S06E16,ARSON,"STATEN  ISLAND",DISMISSED,5,63,38.7,NULL,59,"The squad has arrived",NULL
990122,"Gina Linetti",Administrator,3,S03E06,"DRUG POSSESSION",QUEENS,"UNDER INVESTIGATION",8,92,72.4,68988,23,,2018-08-20
990155,"Rosa Diaz",Detective,6,S06E09,VANDALISM,BROOKLYN,DISMISSED,44,45,40.7,96862,23,,2020-02-14
990164,"Terry Jeffords",Sergeant,2,S02E14,BURGLARY,QUEENS,OPEN,36,11,39.7,NULL,41,,2021-07-08
990210,"Charles Boyle",Detective,6,S06E13,"DRUG POSESSION",MANHATTAN,CLOSED,9,21,53.8,101602,22,Noice,2013-07-05
990215,NULL,Detective,2,S02E14,STALKING,QUEENS,CLOSED,24,29,68.2,NULL,54,"Title of your sex tape",2013-09-02
990247,"Amy Santiago",Detective,7,S07E16,VANDALISM,QUEENS,CLOSED,4,33,20.2,NULL,26,,2021-10-07
990251,"Raymond Holt",Captain,6,S06E06,"GRAND LARCENY",MANHATTAN,DISMISSED,27,55,24.2,96835,53,,2014-09-12
990321,"Terry Jeffords",Sergeant,3,S03E13,BURGLARY,QUEENS,"COLD CASE",40,35,71,NULL,36,"Title of your sex tape",NULL
990355,NULL,Detective,1,S01E16,MURDER,"STATEN  ISLAND",DISMISSED,28,61,69.6,NULL,71,,2021-05-07
990359,"Amy Santiago",Detective,1,S01E10,MURDER,QUEENS,"UNDER INVESTIGATION",22,52,27.4,66174,49,"The squad has arrived",2021-11-14
990443,"Gina Linetti",Administrator,7,S07E21,BURGLARY,"STATEN  ISLAND",OPEN,7,66,65.4,58224,42,,2014-09-26
990534,NULL,Detective,7,S07E11,ROBBERY,BROOKLYN,ONGOING,17,71,62.1,NULL,16,,2019-02-14
990566,"Terry Jeffords",Sergeant,2,S02E11,BURGLERY,"STATEN  ISLAND",DISMISSED,48,19,45.8,104184,65,"I am a human person",2018-01-04
990619,"Gina Linetti",Administrator,8,S08E09,"DRUG  POSSESSION",MANHATTAN,"COLD CASE",38,12,74.5,59260,49,"The squad has arrived",2016-02-07
990666,"Terry Jeffords",Sergeant,1,S01E10,ARSON,MANHATTAN,"IN PROGRESS",9,96,56.4,55784,42,,NULL
990727,"Michael Hitchcock",Administrator,7,S07E16,FRAUD,MANHATTAN,OPEN,0,70,57.2,78930,18,,2019-09-09
990730,NULL,Detective,6,S06E07,FRAUD,MANHATTAN,DISMISSED,49,36,38.7,56616,36,,2019-06-01
990755,"Gina Linetti",Administrator,4,S04E14,MURDER,"STATEN  ISLAND","UNDER INVESTIGATION",15,72,70,NULL,50,,2016-01-09
990772,"Jake Peralta",Detective,6,S06E19,ARSON,BROOKLYN,"COLD CASE",43,89,78.7,88840,27,"Cool cool cool cool cool",2018-07-30
990790,"Michael Hitchcock",Sergeant,7,S07E09,STALKING,BRONX,"UNDER INVESTIGATION",16,44,71.8,NULL,41,"Cool cool cool cool cool",2019-12-17
990806,"Raymond Holt",Captain,1,S01E16,ARSON,BROOKLYN,"UNDER INVESTIGATION",30,28,57.3,0,72,,2021-02-07
990847,"Terry Jeffords",Sergeant,5,S05E10,"GRAND LARCENY","STATEN  ISLAND","COLD CASE",11,7,36.7,102787,40,,2018-07-05
990855,NULL,Detective,8,S08E22,BURGLARY,"STATEN  ISLAND",OPEN,0,30,71.5,118347,50,,2013-06-27
990889,"Raymond Holt",Captain,5,S05E18,"GRAND LARCENY",MANHATTAN,OPEN,1,83,67.3,85541,41,,2014-11-05
990890,"Jake Peralta",Detective,8,S08E10,FRAUD,BROOKLYN,"COLD CASE",35,26,47.3,87189,25,,2014-10-07
990916,"Amy Santiago",Detective,1,S01E11,STALKING,BRONX,"COLD CASE",33,93,63.4,NULL,47,,2016-04-19
990932,"Rosa Diaz",Detective,8,S08E11,ASSAULT,"STATEN  ISLAND","IN PROGRESS",49,2,76.3,0,20,"Halloween Heist Champion",2017-04-04
990942,"Amy Santiago",Detective,2,S02E16,MURDER,BRONX,"UNDER INVESTIGATION",27,86,68.9,58326,20,,2019-05-12
990968,NULL,NULL,7,S07E23,FRAUD,BROOKLYN,CLOSED,15,37,71.7,108615,25,,2014-07-11
990972,"Amy Santiago",Detective,1,S01E22,BURGLARY,BROOKLYN,"COLD CASE",0,41,75.5,NULL,69,,2021-08-21
990982,"Jake Peralta",Detective,8,S08E03,VANDALISM,BRONX,"UNDER INVESTIGATION",10,2,55.5,82737,21,,2014-02-19
990996,"Jake Peralta",Detective,4,S04E02,FRAUD,BROOKLYN,CLOSED,31,42,64.4,84646,31,Nine-Nine!,2016-12-20
990998,"Michael Hitchcock",Sergeant,4,S04E23,VANDALISME,QUEENS,CLOSED,22,100,36.3,85636,49,,2015-05-17
991032,"Rosa Diaz",Detective,3,S03E07,BURGLARY,MANHATTAN,OPEN,32,78,78.7,101294,54,"Get that bread",2015-04-02
991063,"Terry Jeffords",Sergeant,1,S01E22,STALKING,BRONX,CLOSED,45,5,49.4,62161,67,,2020-03-11
991064,"Charles Boyle",Detective,5,S05E06,BURGLERY,BRONX,ONGOING,39,39,37.1,85421,62,"Halloween Heist Champion",NULL
991072,"Amy Santiago",Detective,8,S08E10,VANDALISME,MANHATTAN,ONGOING,32,18,52.3,74262,34,,2015-10-10
991078,"Amy Santiago",Detective,8,S08E19,STALKING,BRONX,CLOSED,13,95,77.3,100015,35,,2017-11-20
991085,NULL,Detective,8,S08E19,"DRUG POSESSION",BROOKLYN,"UNDER INVESTIGATION",23,88,75.9,105831,53,,2018-03-30
991127,"Terry Jeffords",Sergeant,8,S08E19,BURGLARY,BRONX,DISMISSED,18,57,79.3,NULL,36,,2020-09-09
991152,"Gina Linetti",Administrator,7,S07E01,FRAUD,BROOKLYN,DISMISSED,2,86,46.8,81363,64,"Get that bread",2018-10-29
991162,"Terry Jeffords",Sergeant,6,S06E13,ARSON,BRONX,DISMISSED,33,68,52.6,NULL,54,,2014-09-12
991163,NULL,Detective,7,S07E10,MURDER,BRONX,DISMISSED,42,41,77.8,83933,55,,NULL
991173,"Jake Peralta",Detective,8,S08E02,BURGLERY,"STATEN  ISLAND",OPEN,4,47,24.3,55640,17,,2020-07-21
991205,"Gina Linetti",Administrator,7,S07E12,FRAUD,QUEENS,OPEN,24,24,56.9,61476,44,,NULL
991207,"Jake Peralta",Detective,3,S03E13,"DRUG POSSESSION",BRONX,CLOSED,44,18,37.5,70158,57,"I want to go to there",2015-08-03
991225,"Rosa Diaz",Detective,5,S05E22,"GRAND LARCENY","STATEN  ISLAND",CLOSED,42,6,21.4,111846,16,,2016-08-29
991271,NULL,Detective,1,S01E14,STALKING,QUEENS,"IN PROGRESS",7,10,45.8,NULL,34,"Cool cool cool cool cool",2015-11-08
991332,"Amy Santiago",Detective,6,S06E06,ARSON,BROOKLYN,OPEN,34,9,63.6,98470,47,,2016-01-09
991350,"Jake Peralta",Detective,3,S03E21,STALKING,QUEENS,"IN PROGRESS",16,77,50.8,NULL,59,Bingpot!,2017-10-12
991357,NULL,Detective,6,S06E12,"DRUG  POSSESSION",QUEENS,"IN PROGRESS",30,17,70.5,NULL,53,,2013-08-27
991360,"Norm Scully",Detective,4,S04E09,ROBBERY,"STATEN  ISLAND",DISMISSED,38,62,54.1,100444,38,,2014-05-06
991390,"Norm Scully",Detective,8,S08E02,VANDALISME,"STATEN  ISLAND",CLOSED,32,27,24,NULL,23,,2015-03-19
991406,NULL,Detective,7,S07E03,ROBBERY,QUEENS,CLOSED,41,40,62.4,NULL,27,,2014-05-06
991456,"Jake Peralta",Detective,2,S02E12,"DRUG POSESSION",QUEENS,OPEN,7,12,79,103253,24,,2019-11-02
991458,NULL,Detective,7,S07E18,BURGLERY,QUEENS,DISMISSED,18,3,54.9,80005,41,,2014-05-11
991462,"Raymond Holt",Captain,5,S05E21,ASSAULT,MANHATTAN,"COLD CASE",41,80,62.5,113962,54,,2016-11-07
991472,"Terry Jeffords",Sergeant,3,S03E05,ROBBERY,"STATEN  ISLAND",DISMISSED,44,23,39.5,55545,71,"I am a human person",2020-02-08
991495,"Gina Linetti",Administrator,4,S04E19,BURGLARY,BROOKLYN,CLOSED,49,97,47,NULL,45,,2018-06-07
991565,"Raymond Holt",Captain,4,S04E05,"DRUG POSSESSION","STATEN  ISLAND",DISMISSED,26,53,41.5,NULL,22,,2013-05-27
991594,"Gina Linetti",Administrator,8,S08E17,VANDALISM,BROOKLYN,OPEN,49,83,60.5,55731,71,,NULL
991638,"Terry Jeffords",Sergeant,7,S07E06,FRAUD,"STATEN  ISLAND","COLD CASE",2,29,38.3,109801,20,Noice,2014-12-19
991666,"Norm Scully",Detective,7,S07E08,ROBERRY,"STATEN  ISLAND","UNDER INVESTIGATION",28,56,74.3,65411,24,Noice,2017-01-08
991934,"Raymond Holt",Captain,8,S08E21,"GRAND LARCENY",MANHATTAN,DISMISSED,12,79,61.3,100259,72,,2021-07-10
991956,"Michael Hitchcock",Captain,3,S03E04,FRAUD,BROOKLYN,"UNDER INVESTIGATION",3,71,78.8,77708,48,,2017-11-03
991961,"Terry Jeffords",Sergeant,7,S07E14,VANDALISM,BROOKLYN,ONGOING,48,11,51.8,0,29,,NULL
